,,,,,,,,,,,,,,,,,,,,,,,,,,,
FULL NAME,TEAM,POS,AGE,GP,MPG,MIN%Minutes PercentagePercentage of team minutes used by a player while he was on the floor,"USG%Usage RateUsage rate, a.k.a., usage percentage is an estimate of the percentage of team plays used by a player while he was on the floor",TO%Turnover RateA metric that estimates the number of turnovers a player commits per 100 possessions,FTA,FT%,2PA,2P%,3PA,3P%,"eFG%Effective Shooting PercentageWith eFG%, three-point shots made are worth 50% more than two-point shots made. eFG% Formula=(FGM+ (0.5 x 3PM))/FGA","TS%True Shooting PercentageTrue shooting percentage is a measure of shooting efficiency that takes into account field goals, 3-point field goals, and free throws.",PPGPointsPoints per game.,RPGReboundsRebounds per game.,TRB%Total Rebound PercentageTotal rebound percentage is estimated percentage of available rebounds grabbed by the player while the player is on the court.,APGAssistsAssists per game.,AST%Assist PercentageAssist percentage is an estimated percentage of teammate field goals a player assisted while the player is on the court,SPGStealsSteals per game.,BPGBlocksBlocks per game.,TOPGTurnoversTurnovers per game.,"VIVersatility IndexVersatility index is a metric that measures a player’s ability to produce in points, assists, and rebounds. The average player will score around a five on the index, while top players score above 10",ORTGOffensive RatingIndividual offensive rating is the number of points produced by a player per 100 total individual possessions.,DRTGDefensive RatingIndividual defensive rating estimates how many points the player allowed per 100 possessions he individually faced while staying on the court.
Steven Adams,Okc,C,27.07,63,26.7,55.6,17.3,14.4,201,0.582,475,0.594,3,0.333,0.593,0.604,10.9,9.3,19.2,2.3,13.2,0.81,1.06,1.51,9.2,122,101.9
Bam Adebayo,Mia,C-F,23.08,72,33.6,69.9,21.2,17.5,382,0.691,777,0.564,14,0.143,0.558,0.597,15.9,10.2,17,5.1,24.2,1.14,1.29,2.82,11.2,116.2,102.2
LaMarcus Aldridge,San,F-C,35.07,53,33.1,68.9,23.4,7.8,191,0.827,637,0.518,157,0.389,0.531,0.57,18.9,7.4,12,2.4,11.4,0.68,1.64,1.4,8.4,114.7,109.1
Kyle Alexander,Mia,F-C,23.81,2,6.7,14,9.9,33.3,0,0,2,0.5,0,0,0.5,0.5,1,1.5,12.5,0,0,0,0,0.5,0,96,108.8
Nickeil Alexander-Walker,Nor,G,21.95,47,12.6,26.2,23.3,16.1,37,0.676,133,0.391,133,0.346,0.455,0.473,5.7,1.8,7.5,1.9,21.1,0.36,0.17,1.15,8.5,93.2,106.4
Grayson Allen,Mem,G,24.85,38,18.9,39.4,17.6,10.9,45,0.867,110,0.545,141,0.404,0.58,0.609,8.7,2.2,6.2,1.4,10,0.32,0.05,0.87,6.3,113.6,108.9
Jarrett Allen,Bro,C,22.32,70,26.5,55.1,14.9,11.7,270,0.633,459,0.658,6,0,0.649,0.664,11.1,9.6,18.7,1.6,8.9,0.57,1.31,1.1,8.4,131.3,101
Kadeem Allen,Nyk,G,27.58,10,11.7,24.4,20.6,14.1,11,0.636,28,0.5,16,0.313,0.489,0.512,5,0.9,4.1,2.1,27,0.5,0.2,0.8,7.2,106,111.9
Al-Farouq Aminu,Orl,F,29.9,18,21.1,44,13.2,14.7,29,0.655,50,0.32,36,0.25,0.343,0.395,4.3,4.9,12.5,1.2,7.4,1,0.44,0.94,5.6,88.2,103.7
Justin Anderson,Bro,F-G,26.74,10,10.7,22.4,17.1,9.1,4,0.5,9,0.444,29,0.207,0.342,0.352,2.8,2.1,10.1,0.8,10.1,0,0.6,0.4,6.3,77.7,100.4
Kyle Anderson,Mem,F-G,26.9,67,19.8,41.4,13.5,15.3,78,0.667,246,0.541,85,0.282,0.511,0.534,5.8,4.3,11.3,2.4,15.9,0.78,0.55,0.99,7.9,108.9,104.6
Ryan Anderson,Hou,F,32.27,2,7,14.6,23.7,12.5,0,0,2,0.5,5,0.2,0.357,0.357,2.5,3.5,26.2,1,20.4,0.5,0,0.5,11.8,77.5,94.4
Giannis Antetokounmpo,Mil,F,25.69,63,30.4,63.4,37.5,13.2,629,0.633,945,0.631,293,0.304,0.589,0.613,29.5,13.6,22.1,5.6,34.2,0.98,1.05,3.65,17.2,116.1,90.2
Kostas Antetokounmpo,Lal,F,22.74,5,4,8.4,10.2,20.5,2,0.5,3,1,0,0,1,0.902,1.4,0.6,8.2,0.4,13.6,0,0,0.2,7,151,104.6
Thanasis Antetokounmpo,Mil,F,28.08,20,6.4,13.4,21.6,17.8,17,0.412,38,0.632,10,0,0.5,0.496,2.8,1.2,9.2,0.8,16.4,0.35,0.1,0.6,8.7,97.9,91.9
Carmelo Anthony,Por,F,36.21,58,32.8,68.3,21.2,10.5,161,0.845,556,0.448,226,0.385,0.485,0.525,15.4,6.3,10.2,1.5,6.4,0.84,0.47,1.72,6.4,103.2,109
OG Anunoby,Tor,F,23.08,69,29.9,62.4,14.3,11.5,102,0.706,338,0.583,228,0.39,0.584,0.6,10.6,5.3,9.3,1.6,7.5,1.41,0.65,1.14,6,114.1,100
Ryan Arcidiacono,Chi,G,26.39,58,16,33.4,12.5,13.5,38,0.711,82,0.439,138,0.391,0.532,0.551,4.5,1.9,6.5,1.7,14.3,0.47,0.05,0.64,6.1,111.4,105.3
Trevor Ariza,Sac,F,35.13,32,24.7,51.5,11.2,13.7,27,0.778,43,0.488,122,0.352,0.518,0.543,6,4.6,10.4,1.6,8.3,1.09,0.25,0.88,5.7,107.5,106.2
Trevor Ariza,Por,F,35.13,21,33.4,69.6,12.6,13.5,47,0.872,74,0.595,85,0.4,0.597,0.643,11,4.8,7.5,2,7.6,1.62,0.38,1.33,5.7,120.9,111.1
D.J. Augustin,Orl,G,32.76,57,24.9,51.9,19.1,13.7,181,0.89,260,0.438,201,0.348,0.475,0.554,10.5,2.1,4.6,4.6,26.8,0.58,0.02,1.51,7.5,113.9,110
Deandre Ayton,Pho,C,22.06,38,32.5,67.8,23.6,11.6,89,0.753,555,0.553,13,0.231,0.548,0.568,18.2,11.5,19.6,1.9,9.6,0.66,1.53,2.11,9.1,110.4,102.9
Dwayne Bacon,Cha,G-F,24.96,39,17.6,36.7,19.5,12.2,53,0.66,177,0.373,67,0.284,0.387,0.419,5.7,2.6,8,1.3,11.7,0.59,0.05,0.95,6.1,86.5,107.9
Marvin Bagley III,Sac,F,21.42,13,25.7,53.5,25.8,9.1,31,0.806,145,0.51,22,0.182,0.479,0.512,14.2,7.5,16.3,0.8,4.9,0.46,0.92,1.38,6.8,102,101
Lonzo Ball,Nor,G,22.8,63,32.1,67,18.4,21,76,0.566,292,0.442,395,0.375,0.511,0.517,11.8,6.1,10,6.9,28.9,1.41,0.59,3.05,9.9,103.1,108.2
Mo Bamba,Orl,C,22.26,62,14.2,29.5,17.1,12.1,46,0.674,179,0.531,107,0.346,0.526,0.542,5.4,4.9,18.6,0.7,7.2,0.37,1.37,0.68,7.5,110.1,96.7
J.J. Barea,Dal,G,36.13,29,15.5,32.3,24.2,14.9,22,0.909,122,0.434,85,0.376,0.488,0.512,7.7,1.8,6.2,3.9,37.1,0.17,0.07,1.31,9.8,108.6,110.7
Harrison Barnes,Sac,F,28.21,72,34.5,71.8,17.4,8.8,267,0.801,524,0.502,268,0.381,0.525,0.575,14.5,4.9,8,2.2,9.3,0.6,0.17,1.22,6.2,115.7,114
RJ Barrett,Nyk,F-G,20.17,56,30.4,63.4,24,12.9,254,0.614,530,0.432,197,0.32,0.445,0.479,14.3,5,8.8,2.6,12.8,0.95,0.3,2.21,7.5,94.9,109.3
Will Barton,Den,G,29.61,58,33,68.8,20.1,9.9,135,0.77,450,0.498,288,0.375,0.523,0.549,15.1,6.3,10.7,3.7,16,1.07,0.5,1.52,8.6,112.2,107.8
Keita Bates-Diop,Min,F,24.56,37,17.5,36.4,15.8,5.6,65,0.708,112,0.5,94,0.33,0.498,0.535,6.8,3,9,0.8,6.7,0.46,0.54,0.38,5.8,111.6,111.1
Keita Bates-Diop,Den,F,24.56,7,14,29.2,15.7,8.5,10,0.8,19,0.526,9,0.333,0.518,0.571,5.3,2.4,9.7,0,0,0.29,0.57,0.43,0,110.9,108.1
Nicolas Batum,Cha,G-F,31.67,22,23,47.8,9.4,20.5,10,0.9,32,0.438,49,0.286,0.432,0.463,3.6,4.5,10.7,3,18,0.77,0.36,1,6.3,106,106.6
Aron Baynes,Pho,C-F,33.68,42,22.2,46.3,21.2,10.8,75,0.747,214,0.579,168,0.351,0.556,0.58,11.5,5.7,14.3,1.6,10.9,0.21,0.55,1.19,8.5,112.8,99
Kent Bazemore,Por,G-F,31.12,43,25.8,53.8,15.9,14.4,72,0.806,155,0.368,171,0.327,0.433,0.475,7.9,4,8.1,1.4,7.1,1.05,0.72,1.4,5.5,91.9,106.4
Kent Bazemore,Sac,G-F,31.12,25,23.1,48.1,20.4,11.4,75,0.733,135,0.437,73,0.384,0.486,0.533,10.3,4.9,11.9,1.3,8,1.16,0.36,1.24,7,102.9,99.2
Darius Bazley,Okc,F-G,20.17,61,18.5,38.6,15.2,11.6,62,0.694,176,0.432,141,0.348,0.472,0.497,5.6,4,12,0.7,5.1,0.38,0.67,0.74,5.4,96.2,105.9
Bradley Beal,Was,G,27.13,57,36,75,34.4,11.5,458,0.843,822,0.515,481,0.353,0.52,0.579,30.6,4.2,6.4,6.1,29.5,1.26,0.4,3.42,10.2,112.6,114
Malik Beasley,Den,G,23.72,41,18.2,37.9,20.6,10.2,38,0.868,140,0.421,161,0.36,0.485,0.511,7.9,1.9,5.8,1.2,9.1,0.76,0.15,0.88,5.8,99.7,108.6
Malik Beasley,Min,G,23.72,14,33.1,68.9,23.8,8.2,28,0.75,118,0.517,115,0.426,0.577,0.591,20.7,5.1,8.1,1.9,9.8,0.64,0.14,1.57,7.1,110.9,111.4
Marco Belinelli,San,G,34.39,57,15.5,32.3,17.5,5.3,58,0.828,136,0.412,178,0.376,0.498,0.532,6.3,1.7,6,1.2,10.7,0.21,0.02,0.33,6,109.6,113.5
Jordan Bell,Min,F,25.6,27,8.7,18.1,15.9,19.8,29,0.586,51,0.588,9,0.222,0.55,0.57,3.1,2.9,17.7,0.5,8.6,0.07,0.37,0.67,7.6,108,108.4
Jordan Bell,Mem,F,25.6,2,10.7,22.3,21.2,27.6,2,1,4,0.25,3,0.667,0.571,0.635,5,1.5,7.4,1,12.6,0.5,0,1.5,7.3,102.8,106.7
DeAndre' Bembry,Atl,G-F,26.12,43,21.3,44.4,14,19.4,48,0.542,163,0.546,65,0.231,0.489,0.5,5.8,3.5,8.9,1.9,12.2,1.28,0.44,1.4,6.3,94.9,108.2
Dragan Bender,Mil,F,22.74,7,13,27,12.4,18.3,3,0.667,12,0.5,9,0.444,0.571,0.582,3.7,2.9,10.9,1.3,12.6,0,0.71,0.71,7.4,104.8,88.3
Dragan Bender,Gol,F,22.74,9,21.6,45.1,20.1,17.4,11,0.727,37,0.541,34,0.324,0.514,0.534,9,5.9,14.7,2.1,15.3,0.44,0.44,1.78,8.9,100.9,102.4
Davis Bertans,Was,F,27.75,54,29.3,61.1,19,8.2,122,0.852,138,0.471,472,0.424,0.598,0.628,15.4,4.5,8.5,1.7,8.4,0.69,0.61,1.09,6.7,119.8,110.7
Patrick Beverley,Lac,G,32.09,51,26.3,54.8,13.3,15.4,47,0.66,135,0.496,206,0.388,0.548,0.56,7.9,5.2,10.3,3.6,18.2,1.06,0.49,1.29,8,115.1,97.9
Khem Birch,Orl,C,27.88,48,19.2,40,10.2,14.2,101,0.653,142,0.514,1,0,0.51,0.566,4.4,4.6,12.8,1,7.3,0.42,0.48,0.65,5.7,120.6,103.1
Goga Bitadze,Ind,C-F,21.07,54,8.7,18.2,17.8,14.1,33,0.727,108,0.574,42,0.19,0.493,0.523,3.2,1.9,12.1,0.4,6.7,0.19,0.69,0.5,6.2,99.1,96.6
Bismack Biyombo,Cha,C,27.96,53,19.4,40.5,16.8,12.2,151,0.603,278,0.543,0,0,0.543,0.57,7.4,5.8,16.3,0.9,7.8,0.19,0.92,0.91,7,115.5,103.3
Nemanja Bjelica,Sac,F,32.27,72,27.9,58.2,17,12.4,84,0.821,333,0.541,321,0.417,0.583,0.601,11.5,6.3,12.8,2.8,14.7,0.85,0.56,1.36,8.4,118.3,103.5
Eric Bledsoe,Mil,G,30.68,61,27,56.2,23.7,15.6,214,0.79,490,0.531,215,0.344,0.526,0.57,14.9,4.7,8.6,5.4,28.7,0.92,0.43,2.43,10.7,111.4,98.2
Bojan Bogdanovic,Uta,F,31.33,63,33.1,68.9,25.5,13.1,277,0.903,478,0.479,457,0.414,0.548,0.603,20.2,4.1,6.8,2.1,10,0.54,0.11,2.54,6.7,110.5,108.8
Bogdan Bogdanovic,Sac,G,27.99,61,28.9,60.3,22.5,11,116,0.741,325,0.532,441,0.372,0.547,0.565,15.1,3.4,6.6,3.4,18,1.07,0.25,1.66,7.7,109.9,108.7
Bol Bol,Den,C-F,20.75,6,14.5,30.2,21.2,23.6,10,0.8,19,0.526,9,0.444,0.571,0.617,6.7,3.2,12.3,1,9.8,0.33,1,1.67,7.7,101.6,100.8
Jonah Bolden,Phi,F,24.62,4,3.6,7.4,17.7,34,2,0,2,1,1,0,0.667,0.515,1,0.3,3.9,0,0,0.25,0,0.5,0,,
Jonah Bolden,Pho,F,24.62,3,10.9,22.8,11.5,0,2,1,5,0.4,3,0,0.25,0.338,2,2.7,13.5,0,0,0.67,0.67,0,0,93.3,92.8
Marques Bolden,Cle,C,22.33,1,2.8,5.8,0,,0,0,0,0,0,0,,,0,2,39.7,0,0,1,0,0,0,,
Jordan Bone,Det,G,22.78,10,5.3,11,18.1,9.1,0,0,10,0.3,10,0.2,0.3,0.3,1.2,0.4,4.3,0.8,21,0.1,0,0.2,5.5,76.4,106.4
Isaac Bonga,Was,G,20.77,66,18.9,39.4,10.9,17.4,85,0.812,163,0.571,71,0.352,0.558,0.608,5,3.4,9.7,1.2,7.9,0.68,0.33,0.86,5.8,115.8,106.3
Devin Booker,Pho,G,23.79,70,35.9,74.8,30,14.9,509,0.919,885,0.549,398,0.354,0.544,0.618,26.6,4.2,6.5,6.5,30,0.69,0.26,3.77,10,115.3,107.3
Chris Boucher,Tor,F-C,27.59,62,13.2,27.5,19.8,7.4,116,0.784,181,0.569,118,0.322,0.535,0.587,6.6,4.5,17.9,0.4,4.8,0.37,1,0.45,6.9,123.1,92.4
Brian Bowen II,Ind,F-G,21.87,6,5.2,10.8,15.5,9.1,0,0,8,0.375,2,0,0.3,0.3,1,1.2,12.3,0,0,0,0.17,0.17,0,62,101.9
Ky Bowman,Gol,G,23.16,45,22.6,47,17.2,17.1,41,0.829,214,0.472,107,0.308,0.469,0.494,7.4,2.7,6.4,2.9,19.4,1,0.22,1.56,6.8,96,107.2
Avery Bradley,Lal,G,29.72,49,24.2,50.4,15.7,10.7,24,0.833,210,0.51,173,0.364,0.526,0.537,8.6,2.3,5.3,1.3,7.2,0.88,0.1,0.96,4.9,103.2,102.3
Tony Bradley,Uta,C-F,22.52,58,11.4,23.8,15.8,12.5,46,0.652,186,0.661,3,1,0.675,0.681,4.9,4.6,22.2,0.4,5.4,0.24,0.57,0.52,7.3,134.7,91.9
Jarrell Brantley,Uta,F,24.19,9,10.7,22.2,16.3,19.5,2,0.5,15,0.467,13,0.231,0.411,0.416,2.7,2.2,11.5,1.2,15.8,0.33,0.56,0.78,7.2,84.9,103.4
Ignas Brazdeikis,Nyk,F,21.6,9,5.9,12.3,20.9,7.6,5,0.8,13,0.385,9,0.111,0.295,0.351,1.9,0.6,5,0.4,10.5,0,0.11,0.22,5.2,82.3,115.2
Corey Brewer,Sac,G-F,34.45,5,6.5,13.6,9.7,27.3,3,0.333,3,0.667,1,0,0.5,0.47,1,1.6,13.8,0.4,7.8,0.8,0,0.4,5.3,90.7,84.8
Miles Bridges,Cha,F,22.4,65,30.7,64,20,10.4,131,0.809,453,0.486,300,0.33,0.489,0.52,13,5.6,9.9,1.8,9.4,0.62,0.74,1.45,6.6,103.3,109.4
Mikal Bridges,Pho,F,23.96,73,28,58.3,12.7,12,122,0.844,290,0.61,194,0.361,0.583,0.62,9.1,4,7.9,1.8,8.6,1.44,0.63,1,5.8,118.6,105.6
Oshae Brissett,Tor,F-G,22.15,19,7.1,14.8,15,14.8,10,0.8,21,0.476,15,0.2,0.403,0.458,1.9,1.4,10.2,0.4,7,0.21,0.05,0.37,5.8,95.7,95.8
Ryan Broekhoff,Dal,G-F,29.98,17,10.6,22.1,16.2,8.8,8,0.875,8,0.25,51,0.392,0.542,0.568,4.2,2.5,12.5,0.6,8.3,0.29,0.24,0.35,7,113.7,104
Malcolm Brogdon,Ind,G,27.67,54,30.9,64.3,25.2,13.7,186,0.892,515,0.487,230,0.326,0.488,0.54,16.5,4.9,8.6,7.1,33.8,0.65,0.19,2.43,10.8,110.4,106.9
Dillon Brooks,Mem,G-F,24.56,73,28.9,60.3,25.2,9.7,203,0.808,655,0.44,412,0.357,0.477,0.511,16.2,3.3,6.1,2.1,10.5,0.86,0.37,1.7,6.7,100.2,102.5
Charles Brown Jr.,Atl,G,22.53,10,4.1,8.4,24.8,12.4,5,1,10,0.3,9,0.333,0.395,0.472,2,0.4,5.3,0.2,7.2,0.2,0.2,0.3,5.3,93.3,113
Troy Brown Jr.,Was,G-F,21.05,69,25.8,53.8,17.8,10.4,139,0.784,443,0.479,179,0.341,0.488,0.524,10.4,5.6,11.7,2.6,14.1,1.22,0.1,1.14,8.3,108.2,109.7
Bruce Brown,Det,G-F,24,58,28.2,58.7,16,16.8,119,0.739,351,0.47,96,0.344,0.48,0.518,8.9,4.7,9.5,4,20.4,1.09,0.5,1.74,7.8,106.2,105.2
Jaylen Brown,Bos,F-G,23.81,57,33.9,70.7,24.7,11.2,243,0.724,549,0.543,338,0.382,0.554,0.583,20.3,6.4,10.1,2.1,9.7,1.16,0.35,2.19,7.7,110.2,101.6
Moses Brown,Por,C,20.84,9,3.7,7.6,21.3,18.2,8,0.375,10,0.4,0,0,0.4,0.407,1.2,1.6,22.3,0.1,4,0.11,0.11,0.33,6.2,,
Sterling Brown,Mil,G-F,25.51,52,14.7,30.7,17,13.3,40,0.8,120,0.425,136,0.324,0.457,0.486,5.1,3.5,11.8,1,8.6,0.56,0.13,0.81,7.1,96.3,97.5
Jalen Brunson,Dal,G,23.95,57,17.9,37.4,20.3,13.6,75,0.813,268,0.515,120,0.358,0.522,0.553,8.2,2.4,6.9,3.3,27,0.39,0.07,1.16,9,113.6,108.3
Thomas Bryant,Was,C-F,23.04,46,24.9,51.9,18.9,10.2,115,0.739,327,0.63,91,0.407,0.626,0.649,13.2,7.2,15.8,1.8,11.1,0.54,1.07,1.15,8.9,126,108.6
Reggie Bullock,Nyk,G-F,29.42,29,23.6,49.2,15.6,7.5,21,0.81,113,0.469,111,0.333,0.484,0.502,8.1,2.3,5.3,1.4,8.8,0.86,0.1,0.66,5,104.8,109.3
Trey Burke,Phi,G,27.75,25,13.1,27.4,19.2,8.2,18,0.722,89,0.483,38,0.421,0.528,0.545,5.9,1.4,5.7,2.1,24,0.28,0.04,0.48,7.9,118.1,108.9
Trey Burke,Dal,G,27.75,8,23.9,49.8,21.4,9.4,11,0.909,45,0.422,37,0.432,0.524,0.553,12,1.9,4.1,3.8,23.2,1.13,0.13,1.13,7.4,114.6,108.8
Alec Burks,Gol,G,29.07,48,29,60.3,23.8,9.8,224,0.897,377,0.424,224,0.375,0.476,0.552,16.1,4.7,8.8,3.1,17.4,1.02,0.33,1.58,8.5,110.7,109.2
Alec Burks,Phi,G,29.07,18,20.2,42.2,23.6,7.5,41,0.829,90,0.5,77,0.416,0.557,0.594,12.2,3.1,8.5,2.1,16.3,0.67,0,0.83,8.5,119.5,107.3
Deonte Burton,Okc,G-F,26.54,39,9.1,19,18.5,12.7,14,0.571,72,0.458,53,0.189,0.384,0.396,2.7,1.5,8.8,0.4,6.8,0.15,0.26,0.49,5.2,78.1,102.6
Jimmy Butler,Mia,F,30.92,58,33.8,70.4,25.1,11.4,525,0.834,640,0.494,119,0.244,0.474,0.584,19.9,6.6,11,6,28.1,1.78,0.55,2.19,10.9,122.5,107.2
Bruno Caboclo,Mem,F,24.9,22,8.7,18.2,16.8,9.1,3,0.667,44,0.545,25,0.16,0.435,0.441,2.8,2,12.1,0.5,7.1,0.45,0.55,0.32,6.5,96.6,100.6
Bruno Caboclo,Hou,F,24.9,8,6.5,13.6,22.7,20.9,6,1,12,0.667,8,0.25,0.55,0.618,3.5,2,16,0.3,5.9,0.63,0.63,0.75,7.9,108.1,93.2
Devontae Cacok,Lal,F,23.85,1,8.9,18.5,28.4,0,0,0,6,0.5,0,0,0.5,0.5,6,5,30.7,1,20.7,0,0,0,14,120.3,107.6
Kentavious Caldwell-Pope,Lal,G,27.49,69,25.5,53.2,14.7,10.1,102,0.775,268,0.541,239,0.385,0.558,0.584,9.3,2.1,4.4,1.6,8.5,0.84,0.2,0.9,4.9,114.4,105.2
Vlatko Cancar,Den,F,23.35,14,3.2,6.8,18.9,15.2,4,1,9,0.556,6,0.167,0.433,0.507,1.2,0.7,12.3,0.2,9,0.07,0.07,0.21,6.9,,
Clint Capela,Hou,C,26.24,39,32.8,68.3,16.1,12.7,104,0.529,388,0.629,0,0,0.629,0.626,13.9,13.8,22,1.2,5.7,0.87,1.79,1.62,7.5,123.4,101.9
DeMarre Carroll,San,F,34.05,15,9,18.8,15.3,20.9,20,0.6,16,0.375,13,0.231,0.362,0.437,2.2,2.1,12.4,0.7,10.1,0.13,0.13,0.67,6.6,88.2,101.1
DeMarre Carroll,Hou,F,34.05,9,17.2,35.9,14.4,13,22,0.773,17,0.647,20,0.25,0.5,0.578,6,2.7,8.1,1.6,12.2,0.67,0.33,0.78,6.9,117.2,106.2
Wendell Carter Jr.,Chi,C-F,21.33,43,29.2,60.8,16.4,14.9,152,0.737,314,0.564,29,0.207,0.542,0.59,11.3,9.4,17.7,1.2,6,0.77,0.84,1.67,6.9,114.9,99.1
Jevon Carter,Pho,G,24.92,58,16.3,34,12.9,10.8,27,0.852,97,0.402,146,0.425,0.543,0.563,4.9,2,6.9,1.4,11.9,0.78,0.29,0.53,5.9,113.7,105.1
Vince Carter,Atl,G-F,43.55,60,14.6,30.4,16.6,9.4,29,0.793,102,0.451,202,0.302,0.452,0.47,5,2.1,7.6,0.8,7.7,0.38,0.42,0.55,5.6,94.6,109.2
Michael Carter-Williams,Orl,G,28.85,45,18.5,38.6,18.3,14.7,95,0.832,185,0.481,75,0.293,0.469,0.535,7.2,3.3,9.5,2.4,19.1,1.09,0.49,1.16,8.3,109.3,100.5
Alex Caruso,Lal,G,26.46,64,18.4,38.3,13.8,13.8,94,0.734,171,0.468,120,0.333,0.481,0.525,5.5,1.9,5.7,2,13.7,1.09,0.28,0.83,6,107,101.6
Willie Cauley-Stein,Gol,C,26.99,41,22.9,47.8,14.4,11,57,0.614,257,0.56,0,0,0.56,0.573,7.9,6.2,14.7,1.5,9.9,1.12,1.22,0.85,7.3,114.3,103.2
Willie Cauley-Stein,Dal,C,26.99,13,12.1,25.2,14.7,9.3,9,0.556,44,0.705,1,0,0.689,0.684,5.2,4.6,20.1,0.8,9.6,0.31,0.85,0.38,8.8,134.5,97.6
Tyson Chandler,Hou,C,37.87,26,8.4,17.6,6,25.2,13,0.462,18,0.778,0,0,0.778,0.717,1.3,2.5,15.8,0.2,3.5,0.23,0.31,0.31,4.1,134.4,97.9
Wilson Chandler,Bro,F,33.27,35,21,43.7,12.9,15,23,0.87,62,0.597,121,0.306,0.505,0.531,5.9,4.2,10.3,1.1,7.3,0.46,0.34,0.97,5.7,99,100.7
Joe Chealey,Cha,G,24.79,4,8.4,17.4,13,20.2,2,1,3,0,4,0,0,0.127,0.5,0,0,0.3,3.9,1,0,0.5,0,29.7,108.5
Zylan Cheatham,Nor,F,24.74,4,12.8,26.6,10.4,30.8,0,0,8,0.75,1,0,0.667,0.667,3,2.3,9.3,0.8,7.7,0.25,0.25,1,5.5,101.8,96.7
Chris Chiozza,Was,G,24.73,10,12.3,25.5,14.6,20.9,0,0,18,0.167,16,0.438,0.397,0.397,2.7,1.5,6.7,2.8,29.3,1,0.2,0.9,7.3,91,106.5
Chris Chiozza,Bro,G,24.73,18,15.5,32.2,19.7,17.5,5,1,50,0.5,56,0.357,0.519,0.531,6.4,2.1,7.1,3.1,29.5,0.61,0.11,1.28,8.9,106.5,103.8
Marquese Chriss,Gol,F,23.12,59,20.3,42.2,19,14.6,156,0.769,347,0.582,39,0.205,0.554,0.603,9.3,6.2,16.6,1.9,15.3,0.66,1.05,1.32,9.4,116.6,104.5
Brandon Clarke,Mem,F-G,23.9,58,22.4,46.7,18.6,9.5,112,0.759,413,0.661,64,0.359,0.645,0.665,12.1,5.9,13.9,1.4,9.5,0.57,0.83,0.95,8.3,126.6,105.5
Gary Clark,Hou,F,25.75,18,11.8,24.5,12.5,3.1,7,0.857,8,0.625,51,0.353,0.542,0.564,3.9,2.2,9.9,0.7,7.7,0.11,0.39,0.11,6.2,125.4,105.1
Gary Clark,Orl,F,25.75,24,14.8,30.8,10.1,9.6,3,1,14,0.714,60,0.35,0.561,0.571,3.6,2.9,10.6,0.2,1.9,0.17,0.63,0.33,3.5,115.4,107.2
Jordan Clarkson,Cle,G,28.19,29,23,47.8,25.9,9.7,86,0.884,167,0.509,159,0.371,0.532,0.581,14.6,2.4,5.8,2.4,17.1,0.59,0.28,1.34,7.6,116,114.9
Jordan Clarkson,Uta,G,28.19,42,24.7,51.5,26.7,9.1,79,0.785,288,0.545,254,0.366,0.547,0.568,15.6,2.8,6.3,1.6,10.8,0.69,0.19,1.38,6.7,108.3,106.4
Nicolas Claxton,Bro,F-C,21.33,15,12.5,26,14.8,13.6,21,0.524,41,0.634,7,0.143,0.573,0.577,4.4,2.9,12.2,1.1,12.5,0.07,0.53,0.6,7.7,117.4,106.5
Chris Clemons,Hou,G,23.06,33,8.8,18.3,23.6,11.5,11,0.909,35,0.571,107,0.346,0.532,0.548,4.9,0.9,5.4,0.8,14.3,0.24,0.15,0.58,6.9,104.4,106.5
Antonius Cleveland,Dal,G,26.54,11,4.2,8.7,17,11,5,0.6,11,0.364,3,0,0.286,0.34,1,0.6,8,0.1,2.8,0.09,0.27,0.18,3.7,74.1,97.2
Amir Coffey,Lac,G-F,23.16,18,8.8,18.4,17.6,12,11,0.545,35,0.486,19,0.316,0.481,0.493,3.2,0.9,5.2,0.8,12.3,0.28,0.11,0.44,6,99.3,99.8
John Collins,Atl,F,22.89,41,33.2,69.3,22.7,10.1,150,0.8,458,0.642,147,0.401,0.632,0.659,21.6,10.1,16.4,1.5,7.6,0.76,1.61,1.83,8.3,123.5,106.6
Zach Collins,Por,F-C,22.74,11,26.4,54.9,12.5,16.4,8,0.75,49,0.51,19,0.368,0.522,0.538,7,6.3,12.5,1.5,7.2,0.45,0.45,1.27,6.1,109.8,105.8
Mike Conley,Uta,G,32.84,47,29,60.4,23.1,12.8,139,0.827,311,0.437,256,0.375,0.494,0.537,14.4,3.2,6.1,4.4,23.1,0.79,0.11,1.96,8.1,109.2,106
Pat Connaughton,Mil,G,27.61,67,18.6,38.7,12.3,13.8,40,0.775,135,0.607,166,0.331,0.547,0.565,5.4,4.2,11.2,1.6,10.9,0.36,0.48,0.76,7.1,113.4,100.5
Quinn Cook,Lal,G,27.4,44,11.5,24.1,21.1,13,14,0.786,130,0.462,85,0.365,0.495,0.506,5.1,1.2,5.6,1.1,13.8,0.27,0.05,0.75,6.6,98.4,107.3
Tyler Cook,Cle,F,22.89,11,3.2,6.6,16.7,7.3,6,0.833,10,0.7,0,0,0.7,0.752,1.7,0.9,15.9,0.1,4.5,0.09,0,0.09,6.7,,
Tyler Cook,Den,F,22.89,2,9.6,20,11.1,41,2,1,2,0.5,0,0,0.5,0.694,2,2,11.7,0,0,1,0,1,0,97.8,106
Robert Covington,Min,F,29.67,48,29.4,61.2,17.8,12,94,0.798,184,0.587,312,0.346,0.544,0.572,12.8,6,10.7,1.2,5.9,1.67,0.94,1.52,6.1,105.9,103.2
Robert Covington,Hou,F,29.67,22,33,68.7,15.4,11.1,30,0.8,59,0.61,168,0.315,0.509,0.531,11.6,8,12.7,1.5,6.1,1.5,2.23,1.36,6.3,104.4,101.2
Allen Crabbe,Atl,G-F,28.35,28,18.6,38.8,12.8,7.5,12,0.75,50,0.44,93,0.323,0.469,0.482,5.1,2.3,6.6,1,7.3,0.54,0.14,0.43,4.9,100.3,113.2
Allen Crabbe,Min,G-F,28.35,9,14.6,30.3,12.5,12.5,2,0.5,8,0.625,26,0.231,0.412,0.416,3.2,1.3,4.8,0.6,5.1,0,0,0.56,3.7,81.1,111.2
Torrey Craig,Den,F,29.66,58,18.5,38.5,12.6,8.1,36,0.611,131,0.603,138,0.326,0.545,0.553,5.4,3.3,9.9,0.8,5.9,0.4,0.62,0.43,5.2,115,102.3
Jamal Crawford,Bro,G,40.4,1,6,12.5,27.9,0,0,0,2,0.5,2,0.5,0.625,0.625,5,0,0,3,100.3,0,0,0,0,155,100.9
Jae Crowder,Mem,F,30.11,45,29.4,61.2,15.6,10.9,95,0.789,133,0.519,266,0.293,0.466,0.507,9.9,6.2,11,2.8,12.2,1.04,0.31,1.2,7.6,105.2,106.7
Jae Crowder,Mia,F,30.11,20,27.7,57.6,15.3,7.8,30,0.733,36,0.611,128,0.445,0.655,0.669,11.9,5.4,10.8,1.8,9.7,1.25,0.5,0.75,7,126.7,99.8
Jarrett Culver,Min,G-F,21.48,63,23.9,49.8,19.2,11.7,117,0.462,348,0.471,221,0.299,0.462,0.467,9.2,3.4,7.5,1.7,10.8,0.89,0.62,1.3,6.3,94.5,108.7
Seth Curry,Dal,G,29.98,64,24.6,51.3,18.4,9.1,97,0.825,253,0.549,321,0.452,0.621,0.643,12.4,2.3,4.8,1.9,11.6,0.59,0.14,0.97,6.2,122.9,109.2
Stephen Curry,Gol,G,32.42,5,27.9,58,33.6,14.6,26,1,33,0.636,49,0.245,0.476,0.557,20.8,5.2,10.1,6.6,42.2,1,0.4,3.2,12.8,109.4,108.3
Troy Daniels,Lal,G,29.09,41,11.1,23.2,16.1,5.2,16,0.625,46,0.478,112,0.357,0.519,0.527,4.2,1.1,5.5,0.3,4.1,0.2,0.07,0.22,4,107.6,106.5
Troy Daniels,Den,F,29.09,6,12.7,26.4,17.7,9.7,0,0,8,0.5,20,0.3,0.464,0.464,4.3,1,4.4,0.5,5.4,0.5,0,0.5,4.1,88.6,106.3
Anthony Davis,Lal,F-C,27.43,62,34.4,71.6,29.3,10.4,525,0.846,878,0.546,218,0.33,0.536,0.61,26.1,9.3,14.8,3.2,15.1,1.47,2.31,2.48,10.7,120.3,100.6
Ed Davis,Uta,F,31.2,28,10.8,22.6,9.4,20,14,0.5,46,0.478,0,0,0.478,0.489,1.8,3.8,19,0.4,5.2,0.39,0.32,0.46,5.2,109,88.2
Terence Davis,Tor,G,23.25,72,16.8,35,19,14.1,59,0.864,194,0.541,242,0.388,0.564,0.588,7.5,3.3,10.3,1.6,14.2,0.54,0.19,1.06,8.1,110.4,98.1
Dewayne Dedmon,Sac,C,31.01,34,15.9,33.1,18.5,20.4,28,0.821,100,0.55,71,0.197,0.444,0.477,5.1,4.9,17.4,0.4,3.9,0.44,0.76,1.38,5.4,88.4,94.9
Dewayne Dedmon,Atl,C,31.01,10,23.3,48.6,17.4,10.3,8,0.875,48,0.521,36,0.222,0.44,0.463,8.1,8.2,18.9,0.7,4.3,1,1.5,1,6.2,93.8,95.8
Matthew Dellavedova,Cle,G,29.93,57,14.4,30,13,23.6,37,0.865,84,0.488,91,0.231,0.414,0.463,3.1,1.3,5.1,3.2,29,0.37,0.04,1.04,6.5,103.2,110
DeMar DeRozan,San,F,31.02,68,34.1,71,26.3,11.6,450,0.844,1014,0.54,35,0.257,0.535,0.603,22.1,5.5,8.8,5.6,26,1.03,0.29,2.41,10.3,118.3,108.6
Cheick Diallo,Pho,F-C,23.92,47,10.2,21.2,17,16.7,39,0.872,139,0.655,3,0.333,0.651,0.688,4.7,2.8,15.2,0.5,6.9,0.23,0.26,0.68,7.3,119,101.2
Hamidou Diallo,Okc,G,22.04,46,19.5,40.6,18.4,13.6,63,0.603,239,0.485,57,0.281,0.473,0.491,6.9,3.6,10.3,0.8,5.9,0.8,0.2,1.11,5.6,94.3,99.5
Gorgui Dieng,Min,C,30.57,46,16.9,35.2,18.4,12.7,59,0.797,157,0.497,120,0.383,0.531,0.563,7.4,5.6,17.3,1.3,11.1,0.8,0.91,0.96,8.9,112.6,101.2
Gorgui Dieng,Mem,C,30.57,17,18.7,39,15.9,13.2,42,0.738,55,0.618,32,0.25,0.529,0.583,7.2,5.8,16.2,0.9,6.3,0.82,1,0.94,7.2,111.8,99.1
Spencer Dinwiddie,Bro,G,27.36,64,31.2,64.9,29.2,12.5,446,0.778,620,0.485,400,0.308,0.476,0.542,20.6,3.5,5.7,6.8,35,0.63,0.33,2.72,10.1,111,105.1
Donte DiVincenzo,Mil,G,23.54,66,23,48,17.3,14.1,86,0.733,263,0.567,247,0.336,0.536,0.557,9.2,4.8,10.3,2.3,13.6,1.33,0.32,1.36,8.1,108.1,96.6
Luka Doncic,Dal,G-F,21.46,61,33.6,69.9,36.8,14.8,562,0.758,713,0.575,541,0.316,0.531,0.586,28.8,9.4,14.7,8.8,45.7,0.98,0.23,4.28,15.9,115.6,104
Luguentz Dort,Okc,G,21.32,36,22.8,47.5,14.2,8.3,53,0.792,118,0.475,101,0.297,0.461,0.503,6.8,2.3,5.5,0.8,4.6,0.89,0.11,0.61,4.1,102.4,100.9
Damyean Dotson,Nyk,G,26.28,48,17.4,36.3,16.5,6.5,33,0.667,127,0.48,163,0.362,0.516,0.527,6.7,1.9,5.8,1.2,10,0.48,0.08,0.44,5.7,109.6,112.8
Sekou Doumbouya,Det,F,19.64,38,19.8,41.3,16.9,12,46,0.674,138,0.464,98,0.286,0.449,0.474,6.4,3.1,8.9,0.5,3.7,0.53,0.21,0.92,4.3,90.7,105.2
PJ Dozier,Den,G-F,23.8,29,14.2,29.6,20.8,13.7,29,0.724,108,0.444,49,0.347,0.468,0.495,5.8,1.9,7.5,2.2,21.7,0.48,0.21,0.93,8.2,101.9,103.7
Goran Dragic,Mia,G,34.28,59,28.2,58.7,25.9,14.8,246,0.776,386,0.505,338,0.367,0.526,0.573,16.2,3.2,6.3,5.1,29.2,0.68,0.17,2.46,9.1,110.3,106.6
Andre Drummond,Det,C,27.01,49,33.7,70.3,25.5,18,255,0.584,658,0.546,21,0.048,0.531,0.55,17.8,15.8,26.6,2.8,14,1.98,1.67,3.55,11,104.3,97.5
Andre Drummond,Cle,C,27.01,8,28.1,58.5,28.8,19.2,39,0.513,91,0.593,14,0.286,0.571,0.573,17.5,11.1,22,1.8,10.9,1.5,1.38,3.63,10,99.3,100.8
Jared Dudley,Lal,F,35.1,45,8.1,16.8,8,11.6,2,1,18,0.333,42,0.429,0.55,0.558,1.5,1.2,7.8,0.6,9.5,0.33,0.07,0.18,5.1,116.8,98.6
Kris Dunn,Chi,G,26.41,51,24.9,51.8,14.6,15.7,54,0.741,230,0.535,112,0.259,0.487,0.51,7.3,3.7,8.1,3.4,19.5,1.96,0.35,1.33,7.2,104.4,98.8
Carsen Edwards,Bos,G,22.43,37,9.5,19.7,18.4,9.9,19,0.684,52,0.346,76,0.316,0.422,0.444,3.3,1.3,7.2,0.6,9.3,0.32,0.11,0.41,5.8,92.3,101.6
Henry Ellenson,Bro,F-C,23.59,5,3,6.3,19.4,0,0,0,3,0.333,4,0,0.143,0.143,0.4,1.2,20.6,0.2,8.7,0,0,0,6.1,,
Wayne Ellington,Nyk,G,32.71,36,15.5,32.3,15,9.1,13,0.846,31,0.355,143,0.35,0.494,0.509,5.1,1.8,6.2,1.2,11,0.36,0.11,0.5,5.7,105.6,110.3
Joel Embiid,Phi,C-F,26.42,51,29.5,61.5,33,13.8,436,0.807,630,0.516,172,0.331,0.512,0.59,23,11.6,21.7,3,16.9,0.86,1.29,3.12,12.6,113,96.8
James Ennis III,Phi,F,30.12,49,15.8,33,15.7,10.6,61,0.787,120,0.525,106,0.349,0.524,0.564,5.8,3.1,10.7,0.8,7.3,0.45,0.31,0.61,6.2,113.7,101.7
James Ennis III,Orl,F,30.12,20,24.5,51,15.6,15.3,37,0.838,70,0.6,63,0.286,0.519,0.566,8.5,4.8,10.4,1.1,6.5,0.6,0.4,1.35,5.8,105.2,101.9
Drew Eubanks,San,F-C,23.53,22,12.4,25.8,15.8,21.1,26,0.769,66,0.636,1,1,0.649,0.682,4.9,3.9,16.8,0.7,7.7,0.23,0.77,0.95,7.7,119.5,101.3
Jacob Evans,Gol,G-F,23.16,27,15.3,31.9,17.6,14.6,29,0.862,95,0.337,38,0.342,0.387,0.439,4.7,1.5,5.4,1.1,10.9,0.41,0.44,0.93,5.2,86.8,108.9
Jacob Evans,Min,G-F,23.16,2,2.2,4.5,9.6,0,0,0,0,0,1,0,0,0,0,0,0,0,0,0,0,0,0,,
Dante Exum,Uta,G,25.09,11,7.6,15.8,17.8,29.5,2,1,17,0.471,6,0.333,0.478,0.503,2.2,1.1,7.9,0.6,11.8,0.09,0.18,0.91,6,83,104.2
Dante Exum,Cle,G,25.09,24,16.8,34.9,14.4,15.6,41,0.732,59,0.559,37,0.351,0.547,0.592,5.6,2.3,7.7,1.4,11.4,0.46,0.25,0.88,6.2,112.6,110.9
Tacko Fall,Bos,C,24.68,7,4.6,9.7,24,16.4,3,0.333,14,0.786,0,0,0.786,0.751,3.3,2.1,24.7,0.1,6,0.29,0.57,0.43,7.7,114.7,77.2
Derrick Favors,Nor,F,29.09,51,24.4,50.8,14,13,71,0.563,331,0.628,7,0.143,0.62,0.622,9,9.8,21.3,1.6,9.2,0.59,0.9,1.08,8.5,124.5,103.9
Cristiano Felicio,Chi,F-C,28.1,22,17.5,36.5,9.1,21.9,23,0.783,52,0.654,2,0,0.63,0.671,3.9,4.6,14.6,0.7,5.7,0.45,0.09,0.82,5.3,128.5,106.4
Terrance Ferguson,Okc,G,22.25,56,22.5,46.8,9.1,11.9,20,0.75,52,0.558,168,0.292,0.466,0.481,3.9,1.3,3.3,0.9,5.3,0.46,0.3,0.55,2.9,97.1,102.3
Bruno Fernando,Atl,F-C,22,56,12.7,26.5,15.3,15.9,51,0.569,162,0.605,37,0.135,0.53,0.542,4.3,3.5,15,0.9,9.9,0.32,0.3,0.75,7.5,107,102.4
Yogi Ferrell,Sac,G,27.27,50,10.6,22.1,19.2,11.9,42,0.857,109,0.505,79,0.304,0.484,0.528,4.4,1,5.2,1.4,18.8,0.36,0.08,0.56,6.9,107.3,109.9
Dorian Finney-Smith,Dal,F,27.28,71,29.9,62.2,12.9,10.8,108,0.722,219,0.589,303,0.376,0.575,0.595,9.5,5.7,10,1.6,7.2,0.63,0.55,0.97,5.9,121.1,106.7
Bryn Forbes,San,G,27.06,63,25.1,52.2,18.5,8.4,90,0.833,200,0.47,381,0.388,0.544,0.57,11.2,2,4.3,1.7,9.5,0.52,0,0.9,5.4,109.5,111.6
Evan Fournier,Orl,G-F,27.79,66,31.4,65.5,24,10.8,220,0.818,496,0.526,434,0.399,0.56,0.595,18.5,2.6,4.4,3.2,16.6,1.08,0.23,1.88,6.8,112.2,106.3
De'Aaron Fox,Sac,G,22.65,51,32,66.8,29.8,14.1,342,0.705,630,0.535,185,0.292,0.513,0.558,21.1,3.8,6.7,6.8,35.2,1.45,0.49,3.12,10.2,110.4,106.7
Melvin Frazier Jr.,Orl,G-F,23.96,19,6.6,13.8,14,12.3,4,0.5,18,0.389,16,0.5,0.559,0.559,2.1,0.5,4.3,0.2,3.4,0.47,0.11,0.26,3.6,99.8,103.1
Michael Frazier,Hou,G,26.44,13,11.1,23.2,11.5,12.5,14,0.643,6,0.5,23,0.174,0.31,0.384,2.1,0.8,3.6,0.2,1.7,0.15,0,0.38,2.5,75.4,101.7
Tim Frazier,Det,G,29.79,27,13.1,27.4,17.3,25.6,24,0.792,64,0.375,30,0.333,0.415,0.464,3.6,1.2,5.3,3.4,36.6,0.52,0.11,1.33,7.5,99.6,104.8
Markelle Fultz,Orl,G,22.21,72,27.7,57.8,21.4,14.9,159,0.73,637,0.507,135,0.267,0.488,0.517,12.1,3.3,6.4,5.1,29,1.25,0.17,2.04,8.5,104.2,105.6
Wenyen Gabriel,Sac,F,23.39,11,5.6,11.6,18.7,18.9,10,0.6,9,0.556,8,0.125,0.382,0.444,1.7,0.9,9.2,0.3,6.6,0.27,0.18,0.45,5.5,86.8,103.5
Wenyen Gabriel,Por,F,23.39,19,9.1,19,11.5,23.3,12,0.75,19,0.526,12,0.417,0.565,0.606,2.3,2.2,12.7,0.3,3.6,0.42,0.26,0.58,5.1,111,97.6
Daniel Gafford,Chi,F-C,21.87,43,14.2,29.5,13.3,15.3,60,0.533,134,0.701,0,0,0.701,0.686,5.1,2.5,9.6,0.5,5.2,0.3,1.3,0.67,5.2,123.7,99.2
Danilo Gallinari,Okc,F,32.02,62,29.6,61.6,24.6,7.4,298,0.893,378,0.476,439,0.405,0.547,0.612,18.7,5.2,9.6,1.9,10.3,0.68,0.08,1.23,7.7,119.7,107.6
Langston Galloway,Det,G,28.68,66,25.8,53.7,15.9,6.5,84,0.857,211,0.493,331,0.399,0.557,0.584,10.2,2.2,4.9,1.5,8.8,0.73,0.15,0.61,5,117.7,112.3
Darius Garland,Cle,G,20.55,59,30.9,64.4,20.6,17.1,72,0.875,402,0.435,296,0.355,0.476,0.499,12.3,1.9,3.3,3.9,18.5,0.69,0.07,2.54,5.8,96.3,115.7
Marc Gasol,Tor,C,35.54,44,26.4,55,13.2,16.4,49,0.735,131,0.473,148,0.385,0.529,0.551,7.5,6.2,12.5,3.3,17.3,0.77,0.86,1.34,8.1,110.1,96
Rudy Gay,San,F-G,34,67,21.8,45.4,22,11.8,136,0.882,376,0.511,220,0.336,0.508,0.553,10.8,5.4,13.4,1.7,11.3,0.52,0.49,1.31,8.5,106.7,108.2
Paul George,Lac,F,30.29,48,29.6,61.6,29.6,12.5,217,0.876,401,0.464,381,0.412,0.539,0.589,21.5,5.7,10,3.9,21.1,1.4,0.42,2.6,10.6,111.9,100.9
Taj Gibson,Nyk,F,35.14,62,16.5,34.4,14.8,12.9,56,0.732,272,0.599,14,0.286,0.591,0.61,6.1,4.3,13.9,0.8,7.6,0.44,0.48,0.74,6.7,119.8,103.7
Harry Giles III,Sac,F-C,22.32,46,14.5,30.2,20.6,13.9,49,0.776,249,0.558,2,0,0.554,0.58,6.9,4.1,15.9,1.3,14.2,0.48,0.39,0.96,9.2,111.1,94
Shai Gilgeous-Alexander,Okc,G-F,22.09,70,34.7,72.3,23.6,10.3,357,0.807,762,0.513,251,0.347,0.515,0.569,19,5.9,9.4,3.3,15.2,1.13,0.67,1.93,8.3,111.3,106.4
Rudy Gobert,Uta,C,28.13,68,34.3,71.5,16.2,15,403,0.63,557,0.693,0,0,0.693,0.699,15.1,13.5,21.7,1.5,6.6,0.72,1.97,1.91,7.9,130,99.2
Brandon Goodwin,Atl,G,24.87,34,12.7,26.4,22.4,12.5,30,0.933,103,0.485,87,0.299,0.468,0.507,6.1,2.1,9,1.5,18,0.35,0.12,0.85,8.4,100.8,108.9
Aaron Gordon,Orl,F,24.91,62,32.5,67.8,20.7,10.4,224,0.674,530,0.494,237,0.308,0.484,0.516,14.4,7.7,12.7,3.7,17.4,0.82,0.63,1.61,9.1,107.2,105.8
Eric Gordon,Hou,G,31.64,36,28.2,58.8,22.5,7.8,107,0.766,160,0.469,303,0.317,0.473,0.51,14.4,2,3.7,1.5,7.9,0.64,0.33,1.19,5,101,109.7
Devonte' Graham,Cha,G,25.48,63,35.1,73.1,24.8,14.5,233,0.82,378,0.397,585,0.373,0.495,0.537,18.2,3.3,5.2,7.5,35.4,0.98,0.24,2.87,8.7,109.6,112.4
Treveon Graham,Min,G-F,26.8,33,20.1,41.9,13.1,9,37,0.73,93,0.452,83,0.241,0.409,0.445,5.2,3.1,8,0.9,6.1,0.52,0.06,0.58,4.9,96.6,107.4
Treveon Graham,Atl,G-F,26.8,22,12.1,25.2,13.3,11.7,19,0.474,30,0.4,37,0.351,0.47,0.478,3.3,2.3,10.1,0.7,7.6,0.32,0.18,0.45,5.8,103.2,106.2
Jerami Grant,Den,F,26.43,71,26.6,55.5,18,8.1,194,0.747,381,0.538,252,0.389,0.556,0.591,12,3.5,7.3,1.2,6.6,0.7,0.8,0.89,5.6,116.2,107.6
Jerian Grant,Was,G,27.85,6,13.4,27.9,17.1,9.1,7,0.714,19,0.421,8,0.25,0.407,0.449,4.5,1,4.1,1.5,15.2,0.17,0.17,0.5,5.6,98.7,108.4
Josh Gray,Nor,G,26.93,2,11.4,23.6,12.6,71.4,0,0,2,0.5,0,0,0.5,0.5,1,1,4.7,1,10.5,0,0,2.5,3.5,47,115.8
Danny Green,Lal,G,33.15,68,24.8,51.7,13.9,11.3,48,0.688,147,0.524,327,0.367,0.542,0.552,8,3.3,7.3,1.3,7.1,1.24,0.46,0.93,5.2,107.8,102.1
Draymond Green,Gol,F,30.45,43,28.4,59.2,15.7,21.8,83,0.759,186,0.468,129,0.279,0.448,0.491,8,6.2,11.8,6.2,31.2,1.37,0.77,2.28,9.5,100.6,105.2
JaMychal Green,Lac,F-C,30.15,63,20.7,43.2,13.7,12.6,48,0.75,114,0.518,238,0.387,0.56,0.576,6.8,6.2,15.4,0.8,5,0.46,0.38,0.86,6.2,111.6,94.9
Javonte Green,Bos,G-F,27.06,48,9.7,20.3,15.3,13.7,42,0.667,93,0.581,33,0.273,0.536,0.564,3.4,1.9,10.6,0.5,7.7,0.5,0.17,0.48,6.1,109.6,100.2
Jeff Green,Uta,F,33.97,30,18.4,38.4,19.7,10.8,63,0.778,91,0.451,104,0.327,0.472,0.523,7.8,2.7,8.1,0.7,5.2,0.4,0.33,0.9,5.3,101.4,104.7
Jeff Green,Hou,F,33.97,18,22.6,47.1,17.9,8.5,28,0.857,70,0.8,79,0.354,0.658,0.682,12.2,2.9,6.7,1.7,11.6,0.83,0.5,0.83,6.9,130.4,104
Blake Griffin,Det,F,31.42,18,28.5,59.3,28.4,12,98,0.776,139,0.439,111,0.243,0.406,0.476,15.5,4.7,9.3,3.3,18,0.39,0.39,2.22,8.7,97.5,111.8
Marko Guduric,Mem,G,25.44,44,11,22.9,17.6,17.6,26,0.923,74,0.5,83,0.301,0.475,0.514,3.9,1.7,7.9,1,12.3,0.27,0.18,0.82,6.8,96.3,108.4
Kyle Guy,Sac,G,23.01,3,3.2,6.7,22.6,0,0,0,2,1,3,0,0.4,0.4,1.3,0.3,5.9,0.3,16.4,0,0,0,6.1,,
Rui Hachimura,Was,F,22.52,48,30.1,62.7,19,8,140,0.829,458,0.5,87,0.287,0.489,0.535,13.5,6.1,11.1,1.8,8.8,0.77,0.17,1.1,7,110,111.8
Devon Hall,Okc,G,25.11,11,7.3,15.3,21,13,8,0.5,13,0.154,17,0.235,0.267,0.298,1.8,0.6,4.8,1.2,21.4,0.36,0.09,0.45,6,74.2,105.2
Donta Hall,Det,F,23.02,4,12,24.9,7.9,23.1,6,0.667,4,0.25,0,0,0.25,0.452,1.5,3.8,17.8,0.5,5.3,0.25,0.25,0.5,4.7,109.9,95
Donta Hall,Bro,F,23.02,5,17.1,35.5,12.9,11.4,12,0.417,18,0.778,0,0,0.778,0.709,6.6,4.6,13.9,0.4,3.5,0.4,1,0.6,5.4,130.4,94.7
Dusty Hannahs,Mem,G,26.95,2,6.7,14,30.7,0,2,1,6,0.333,3,0.667,0.556,0.607,6,0.5,3.9,0,0,0,0,0,0,120.1,110.8
Tim Hardaway Jr.,Dal,G,28.41,71,29.5,61.4,21.1,6.7,182,0.819,371,0.485,513,0.398,0.55,0.581,15.8,3.3,5.8,1.9,9.7,0.61,0.07,0.97,6.3,115.4,110
James Harden,Hou,G,30.97,68,36.5,76.1,36.2,14,800,0.865,671,0.556,843,0.355,0.543,0.626,34.3,6.5,9.4,7.5,35.9,1.84,0.88,4.49,13,120.3,103.3
Maurice Harkless,Lac,F-G,27.26,50,22.8,47.5,10.3,16.3,42,0.571,144,0.59,73,0.37,0.578,0.584,5.5,4,9.1,1,5.5,0.96,0.6,0.92,4.9,108.8,99.6
Maurice Harkless,Nyk,F-G,27.26,12,23.8,49.6,12.4,8.4,24,0.625,41,0.561,25,0.28,0.508,0.536,6.8,3.3,7.5,1.7,9.7,0.75,0.25,0.58,5.7,113.5,107
Jared Harper,Pho,G,22.92,3,2.6,5.5,21.5,0,0,0,2,0.5,2,0,0.25,0.25,0.7,0,0,0,0,0,0,0,0,,
Montrezl Harrell,Lac,F-C,26.55,63,27.8,57.8,25.7,10,351,0.658,795,0.592,18,0,0.579,0.606,18.6,7.1,13.2,1.7,10.4,0.63,1.11,1.71,8.7,118.5,102.2
Gary Harris,Den,G,25.92,56,31.8,66.2,15.1,9.7,92,0.815,309,0.479,210,0.333,0.487,0.519,10.4,2.9,5.1,2.1,8.9,1.36,0.25,1.07,5,104.8,109.2
Joe Harris,Bro,G-F,28.94,69,30.8,64.1,18.3,11.3,89,0.719,378,0.553,406,0.424,0.596,0.606,14.5,4.3,7.3,2.1,10.4,0.59,0.25,1.52,6.6,113.1,106.4
Shaquille Harrison,Chi,G,26.86,43,11.3,23.5,18.1,9.2,50,0.78,123,0.496,42,0.381,0.515,0.559,4.9,2,9.7,1.1,15.3,0.81,0.44,0.44,7.8,116.3,100.3
Tobias Harris,Phi,F,28.08,72,34.3,71.4,23.9,7.6,215,0.805,816,0.517,357,0.367,0.527,0.556,19.6,6.9,11.1,3.2,14.6,0.72,0.56,1.44,8.8,112.3,105.9
Isaiah Hartenstein,Hou,C-F,22.28,23,11.6,24.1,14.8,16.8,28,0.679,62,0.71,5,0,0.657,0.674,4.7,3.9,17.7,0.8,10,0.39,0.52,0.7,8.4,127.6,95.5
Josh Hart,Nor,G,25.44,65,27,56.3,15.3,11.4,115,0.739,178,0.584,354,0.342,0.537,0.563,10.1,6.6,12.9,1.7,8.4,0.97,0.35,1.15,7.2,110,104.4
Udonis Haslem,Mia,F,40.18,4,11,23,13.7,7.3,4,0.75,8,0.375,3,0.333,0.409,0.47,3,4,20.3,0.3,3.1,0,0,0.25,5.6,96.9,94.9
Jaxson Hayes,Nor,C-F,20.23,64,16.9,35.1,15,13.4,190,0.647,256,0.676,4,0.25,0.671,0.687,7.4,4.1,12.8,0.9,7.2,0.41,0.88,0.83,7.1,129.3,100.4
Gordon Hayward,Bos,F,30.4,52,33.5,69.7,21.1,11.2,145,0.855,478,0.554,222,0.383,0.561,0.595,17.5,6.7,10.7,4.1,18.8,0.73,0.42,1.85,9.4,118.1,105.5
John Henson,Cle,F-C,29.63,29,14.2,29.6,16.2,13.5,33,0.515,89,0.618,31,0.194,0.533,0.539,5,3.9,15.4,1.5,15.3,0.55,1.1,0.72,8.7,111.5,101.5
John Henson,Det,F-C,29.63,11,17.1,35.7,16.6,20.9,13,0.462,46,0.696,5,0.4,0.686,0.67,6.9,4.4,14.5,1,9.2,0.73,0.91,1.36,7.3,111.5,101
Dewan Hernandez,Tor,C-F,23.68,6,4.7,9.8,29.1,15.6,5,0.6,12,0.333,2,0.5,0.393,0.432,2.3,2.3,26.2,0.5,16.2,0.17,0,0.5,11.8,94.4,80.6
Juancho Hernangomez,Den,F,24.88,34,12.4,25.9,14.3,12.9,25,0.64,50,0.46,60,0.25,0.414,0.442,3.1,2.8,12.6,0.6,6.7,0.15,0.15,0.53,5.6,94.4,108
Juancho Hernangomez,Min,F,24.88,14,29.4,61.2,17,7.6,46,0.609,68,0.485,69,0.42,0.558,0.576,12.9,7.3,13.1,1.3,6.4,1,0.29,0.93,6.8,114.6,106
Willy Hernangomez,Cha,C-F,26.22,31,12.1,25.2,22.9,15.4,59,0.627,117,0.59,22,0.227,0.55,0.576,6.1,4.4,19.6,0.9,13.5,0.32,0.23,0.97,9.6,109.8,103.7
Tyler Herro,Mia,G,20.57,55,27.4,57.1,22.2,11.4,100,0.87,333,0.462,298,0.389,0.52,0.55,13.5,4.1,8.3,2.2,12.7,0.62,0.16,1.58,7.2,102.9,108.3
Kevin Hervey,Okc,F,24.1,10,5.2,10.9,22.8,0,0,0,7,0.571,20,0.15,0.315,0.315,1.7,1.2,12.7,0.5,13.9,0.1,0.1,0,7.7,78,102.5
Mario Hezonja,Por,F-G,25.47,53,16.4,34.3,13.9,14.7,59,0.814,140,0.486,78,0.308,0.477,0.525,4.8,3.5,11.1,0.9,7.5,0.68,0.17,0.79,6,103.3,103.8
Buddy Hield,Sac,G,26.66,72,30.8,64.1,27.2,12.1,136,0.846,475,0.478,688,0.394,0.545,0.565,19.2,4.6,8.3,3,15.5,0.93,0.24,2.33,8.3,106,108.7
George Hill,Mil,G,34.28,59,21.5,44.9,15.5,11.9,101,0.842,200,0.565,176,0.46,0.624,0.659,9.4,3,6.9,3.1,19,0.8,0.08,0.97,8.3,130.3,100.4
Solomon Hill,Mem,F,29.41,48,18.8,39.1,13.3,13.9,38,0.684,86,0.465,146,0.384,0.534,0.551,5.7,3,8.4,2,13.4,0.65,0.15,0.83,6.9,109,106.3
Solomon Hill,Mia,F,29.41,11,17,35.4,14.8,17.4,16,0.875,21,0.333,24,0.292,0.389,0.471,4.5,1.9,6.3,0.9,7.3,1.09,0.45,1,4.6,90.8,105.4
Jaylen Hoard,Por,F,21.38,13,7.9,16.5,17.2,9.6,13,0.615,29,0.517,3,0,0.469,0.504,2.9,2.5,16.3,0.3,5.3,0.38,0,0.31,6.6,112,104.1
Aaron Holiday,Ind,G,23.87,66,24.5,51.1,18.7,12.6,87,0.851,342,0.427,221,0.394,0.491,0.521,9.5,2.3,5.3,3.4,19.1,0.85,0.24,1.32,6.9,104.3,105.8
Jrue Holiday,Nor,G,30.18,61,34.7,72.3,24.6,14.7,182,0.709,660,0.509,346,0.353,0.516,0.537,19.1,4.8,7.4,6.7,29.1,1.62,0.8,3.07,9.8,107.4,108.8
Justin Holiday,Ind,F-G,31.36,73,25,52.1,13.4,7.7,67,0.791,154,0.481,331,0.405,0.567,0.586,8.3,3.3,7.1,1.3,6.7,1.19,0.63,0.59,5.3,113.8,103.9
Rondae Hollis-Jefferson,Tor,F,25.61,60,18.7,39,17.2,12.9,143,0.734,306,0.497,23,0.13,0.476,0.533,7,4.7,13.4,1.8,13.6,0.77,0.38,0.97,8.3,113.7,97.5
Richaun Holmes,Sac,F,26.83,44,28.2,58.8,15.7,11.6,118,0.788,345,0.646,0,0,0.646,0.679,12.3,8.1,16.2,1,5.1,0.93,1.27,1.18,6.6,130.6,99.6
Rodney Hood,Por,G-F,27.82,21,29.5,61.4,13.9,9.4,27,0.778,101,0.515,71,0.493,0.608,0.625,11,3.4,6.1,1.5,7,0.81,0.19,0.9,5.2,120.7,112.4
Al Horford,Phi,C-F,34.2,67,30.2,63,17.5,9.7,80,0.763,426,0.516,283,0.35,0.52,0.536,11.9,6.8,12.4,4,19.2,0.81,0.91,1.19,9.1,114.6,105
Talen Horton-Tucker,Lal,G,19.72,6,13.5,28.2,19.6,15.9,4,0.5,17,0.588,13,0.308,0.533,0.535,5.7,1.2,4.7,1,10.5,1.33,0.17,1,5.6,97.1,95.7
Danuel House Jr.,Hou,F-G,27.19,63,30.4,63.3,13.7,8.5,90,0.811,184,0.549,355,0.363,0.546,0.572,10.5,4.2,7.3,1.3,6.1,1.06,0.54,0.86,5.1,114.1,107.6
Dwight Howard,Lal,C-F,34.69,69,18.9,39.4,14.7,18.6,214,0.514,272,0.732,5,0.6,0.735,0.696,7.5,7.3,21.2,0.7,4.8,0.46,1.14,1.23,7.1,123.5,90
William Howard,Hou,F-G,26.81,2,6.7,13.9,15.6,20,0,0,0,0,4,0,0,0,0,1,7.9,0.5,8.9,0,0,0.5,0,13.8,107.8
Kevin Huerter,Atl,G-F,21.97,56,31.4,65.5,17.1,12,64,0.828,276,0.453,334,0.38,0.517,0.536,12.2,4.1,7,3.8,17.5,0.91,0.48,1.55,7.3,107.4,112
De'Andre Hunter,Atl,F-G,22.7,63,32,66.7,17.5,12.1,144,0.764,379,0.454,304,0.355,0.489,0.521,12.3,4.5,7.6,1.8,7.9,0.7,0.29,1.63,5.8,99.6,110.9
Chandler Hutchison,Chi,F-G,24.3,28,18.8,39.2,19.1,11.4,78,0.59,137,0.496,38,0.316,0.491,0.521,7.8,3.9,11.3,0.9,7.4,0.96,0.25,0.96,6.4,101.2,103.3
Serge Ibaka,Tor,F,30.91,55,27,56.2,24,13.1,124,0.718,488,0.559,182,0.385,0.564,0.583,15.4,8.2,16.1,1.4,8.6,0.51,0.84,1.98,8.3,107.6,96.4
Andre Iguodala,Mia,G-F,36.55,21,19.9,41.5,12.8,22.2,15,0.4,41,0.585,47,0.298,0.511,0.507,4.6,3.7,10.4,2.4,16.9,0.67,1,1.29,6.9,100.3,103.6
Ersan Ilyasova,Mil,F,33.25,63,15.7,32.6,16.1,8.8,87,0.828,176,0.545,137,0.365,0.546,0.589,6.6,4.8,15.1,0.8,6.6,0.37,0.27,0.54,7.5,118.7,94.6
Joe Ingles,Uta,F-G,32.87,72,29.7,61.8,15,19.2,94,0.787,200,0.525,353,0.399,0.572,0.595,9.8,3.9,7.2,5.2,24.3,0.9,0.15,1.96,7.9,115.2,105.5
Brandon Ingram,Nor,F,22.95,62,33.9,70.7,28.1,13,368,0.851,712,0.501,384,0.391,0.531,0.587,23.8,6.1,9.5,4.2,19.3,0.98,0.6,3.03,10,111.4,106.8
Kyrie Irving,Bro,G,28.39,20,32.9,68.5,32.6,10.1,102,0.922,274,0.522,142,0.394,0.546,0.595,27.4,5.2,8.1,6.4,36.7,1.35,0.5,2.6,11.8,118.6,104.1
Jonathan Isaac,Orl,F,22.87,34,28.8,60,18.3,11.8,77,0.779,238,0.521,94,0.34,0.518,0.552,11.9,6.8,12.7,1.4,7.4,1.56,2.29,1.44,6.7,106.8,101.5
Wes Iwundu,Orl,F,25.65,52,18.3,38.2,13.7,8.9,97,0.804,150,0.46,82,0.341,0.478,0.546,5.8,2.5,7.4,1.2,8.8,0.48,0.25,0.52,5.7,112.4,105.1
Jaren Jackson Jr.,Mem,F-C,20.92,57,28.5,59.3,24,10.6,186,0.747,385,0.54,368,0.394,0.565,0.593,17.4,4.6,8.5,1.4,7.2,0.68,1.61,1.74,6.8,109.3,100.2
Frank Jackson,Nor,G,22.28,59,13.5,28.1,21.2,11.9,75,0.747,187,0.465,144,0.326,0.476,0.51,6.3,1.4,5.5,1,10.8,0.29,0.07,0.83,6.1,99.6,108.1
Josh Jackson,Mem,G-F,23.51,22,17.3,36.1,22.8,13.4,50,0.7,87,0.54,72,0.319,0.513,0.547,9,3,9.1,1.6,13.1,0.82,0.41,1.27,8.1,103,102.6
Justin Jackson,Dal,F,25.38,65,16.1,33.5,15.4,3.7,50,0.84,178,0.489,163,0.294,0.466,0.496,5.5,2.4,7.7,0.8,6.8,0.23,0.15,0.22,5.5,107.9,109.1
Reggie Jackson,Det,G,30.33,14,27.2,56.7,27,9.8,33,0.788,116,0.388,82,0.378,0.462,0.492,14.9,2.9,6.1,5.1,30.8,0.57,0.07,1.64,8.9,106,112.5
Reggie Jackson,Lac,G,30.33,17,21.3,44.3,19.1,16.9,21,0.905,65,0.492,63,0.413,0.555,0.587,9.5,3,7.3,3.2,21.3,0.29,0.24,1.65,8.5,110.9,101.6
Justin James,Sac,G-F,23.56,35,6.6,13.8,18.7,7,21,0.476,55,0.473,29,0.31,0.47,0.477,2.5,0.9,7.7,0.5,11.2,0.17,0.26,0.2,6.3,100.6,109.3
LeBron James,Lal,F,35.62,67,34.6,72,31.5,15.1,381,0.693,878,0.564,425,0.348,0.55,0.577,25.3,7.8,12.3,10.2,49.1,1.16,0.54,3.9,14.6,115.4,103.8
Amile Jefferson,Orl,F,27.27,18,4.1,8.6,13.4,13,14,0.357,14,0.357,0,0,0.357,0.372,0.8,1.3,16.6,0.2,7.2,0.06,0.17,0.17,5.8,93.9,103.2
DaQuan Jeffries,Sac,G-F,22.96,13,10.9,22.6,13.7,4.5,6,0.833,22,0.682,18,0.278,0.563,0.586,3.8,1.4,7.2,0.5,7.1,0.31,0.08,0.15,5.1,120.8,102.4
Ty Jerome,Pho,G-F,23.11,31,10.6,22,17.9,13,16,0.75,63,0.381,50,0.28,0.398,0.425,3.3,1.5,7.8,1.4,18.2,0.48,0.1,0.58,7.2,91.7,104.9
Alize Johnson,Ind,F,24.31,17,6.9,14.4,15.1,17.3,10,0.7,21,0.429,8,0.375,0.466,0.509,2,2.9,22.8,0.4,7.7,0.18,0.12,0.41,7.7,108.2,97.1
BJ Johnson,Orl,F,24.65,10,8.3,17.2,22.2,14.2,10,0.9,23,0.261,9,0.333,0.328,0.412,3,1.5,9.8,0.3,5.1,0.3,0,0.6,5.3,81.3,108.8
Cameron Johnson,Pho,F,24.45,57,22,45.9,15.7,6.9,57,0.807,133,0.526,272,0.39,0.565,0.586,8.8,3.3,8.3,1.2,7.7,0.61,0.35,0.56,5.9,116.7,108.2
James Johnson,Mia,F,33.48,18,15.6,32.5,16.9,13.9,14,0.571,42,0.548,45,0.356,0.54,0.547,5.7,2.9,10.3,1.2,11.1,0.33,0.72,0.83,6.9,102.6,100
James Johnson,Min,F,33.48,14,24.2,50.4,21.4,18.8,34,0.676,82,0.573,46,0.37,0.566,0.588,12,4.7,10.3,3.8,24.4,1.29,1.43,2.36,9.9,109.1,100.9
Keldon Johnson,San,F-G,20.84,17,17.7,36.8,17.4,10.7,44,0.795,67,0.597,22,0.591,0.669,0.711,9.1,3.4,10.2,0.9,7.2,0.82,0.12,0.76,6.8,130.9,105.5
Stanley Johnson,Tor,F-G,24.21,25,6,12.5,23.1,18.5,16,0.563,35,0.429,24,0.292,0.432,0.454,2.4,1.5,13,0.8,19.4,0.24,0.16,0.6,9.5,89.7,95.6
Tyler Johnson,Pho,G,28.27,31,16.6,34.6,17.3,11.5,32,0.75,88,0.466,83,0.289,0.45,0.481,5.7,1.7,5.6,1.6,13.3,0.39,0.26,0.77,6,98,107.8
Tyler Johnson,Bro,G,28.27,8,24.3,50.5,19.8,5.4,18,1,43,0.419,36,0.389,0.494,0.552,12,3.1,6.7,3,18.6,0.5,0.13,0.63,7.9,121.2,106.7
Nikola Jokic,Den,C,25.49,73,32,66.6,26.6,15.8,301,0.817,816,0.594,255,0.314,0.565,0.605,19.9,9.7,17.1,7,35.2,1.16,0.6,3.08,13.8,118.8,101.5
Derrick Jones Jr.,Mia,F,23.5,59,23.3,48.6,13.9,6.9,123,0.772,217,0.677,132,0.28,0.58,0.62,8.5,3.9,9.5,1.1,6.7,1,0.63,0.51,5.7,125.8,102.5
Damian Jones,Atl,C,25.13,55,16.1,33.6,11.4,11.5,84,0.738,169,0.704,9,0.222,0.685,0.712,5.6,3.7,12.5,0.6,5.6,0.47,0.73,0.51,5.8,137,101.2
Tyus Jones,Mem,G,24.26,65,19,39.5,17.2,10.8,58,0.741,305,0.492,124,0.379,0.514,0.532,7.4,1.6,4.4,4.4,32,0.91,0.09,0.85,7.9,116.1,112.1
DeAndre Jordan,Bro,C,32.07,56,22,45.9,14.1,17.8,122,0.68,287,0.666,0,0,0.666,0.682,8.3,10,23.5,1.9,12.6,0.32,0.93,1.32,9.8,127.5,98.3
Cory Joseph,Sac,G,28.99,72,24.4,50.9,12.9,15.3,70,0.857,253,0.455,159,0.352,0.483,0.517,6.4,2.6,6,3.5,19.1,0.74,0.29,1.11,6.4,110.1,109.6
Mfiondu Kabengele,Lac,F-C,23,12,5.4,11.2,23.5,5.5,5,1,12,0.417,20,0.45,0.578,0.614,3.5,0.9,8.9,0.2,4.8,0.17,0.17,0.17,6.4,118.7,96
Frank Kaminsky,Pho,F-C,27.36,39,19.9,41.5,21,9.6,90,0.678,183,0.53,124,0.331,0.516,0.545,9.7,4.5,12.6,1.9,14.3,0.38,0.26,0.95,8.8,109.5,104.2
Enes Kanter,Bos,C,28.24,58,17,35.3,19.4,12.5,99,0.707,341,0.581,7,0.143,0.573,0.599,8.1,7.4,23.5,1,8.8,0.4,0.71,0.97,9.2,122.1,97
Luke Kennard,Det,G,24.14,28,32.9,68.6,19.8,10.3,75,0.893,159,0.491,183,0.399,0.548,0.589,15.8,3.5,6,4.1,19.2,0.43,0.21,1.54,7.4,117.5,110.8
Michael Kidd-Gilchrist,Cha,F,26.89,12,13.3,27.7,17.6,10.9,9,0.778,36,0.361,17,0.294,0.387,0.421,4,2.9,12,0.8,9.5,0,0.25,0.58,6.3,91.5,104.6
Michael Kidd-Gilchrist,Dal,F,26.89,13,9.3,19.4,8.5,37.2,5,0.8,10,0.4,3,0,0.308,0.395,0.9,2.5,13.9,0.3,4,0.15,0.23,0.69,3.8,70.1,96.5
Stanton Kidd,Uta,F,28.41,4,3.8,8,14.3,40,0,0,2,0,1,0,0,0,0,0.8,10.8,0.3,7.9,0,0,0.5,0,,
Louis King,Det,F,21.36,10,6.2,13,17.1,8.2,3,0,10,0.4,11,0.364,0.476,0.448,2,1,9.1,0.5,11.8,0.2,0,0.2,6.5,93.4,98.5
Maxi Kleber,Dal,F,28.54,74,25.5,53.2,13.9,9.5,93,0.849,195,0.605,319,0.373,0.577,0.605,9.1,5.3,10.8,1.2,6.3,0.34,1.14,0.78,6.1,121.8,105.5
Brandon Knight,Cle,G,28.7,16,15.1,31.4,19.1,14.9,13,0.308,22,0.409,64,0.297,0.436,0.431,4.9,1.3,4.6,1.9,17.9,0.31,0.13,1,6.1,89.7,111.6
Brandon Knight,Det,G,28.7,9,24.6,51.2,22.2,19.6,21,0.762,14,0.357,67,0.388,0.543,0.576,11.6,2.3,5.4,4.2,25.6,0.56,0.11,2.44,7.8,106.2,108.2
Kevin Knox II,Nyk,F,21.01,65,17.9,37.4,17.9,9.2,101,0.653,202,0.391,199,0.327,0.44,0.47,6.4,2.8,8.4,0.9,7.4,0.35,0.43,0.69,5.6,97.3,107.9
John Konchar,Mem,G,24.4,19,9.5,19.9,10.3,15.6,2,0.5,27,0.704,10,0.5,0.716,0.713,2.8,2.5,13.7,1.2,16.2,0.37,0.16,0.37,8.6,138.9,109.9
Furkan Korkmaz,Phi,G-F,23.06,72,21.7,45.1,18.4,8.8,102,0.755,208,0.476,356,0.402,0.556,0.578,9.8,2.3,5.9,1.1,7.3,0.57,0.22,0.82,5.4,110.3,107.8
Luke Kornet,Chi,C-F,25.09,36,15.5,32.3,16.3,6.6,28,0.714,79,0.646,108,0.287,0.521,0.539,6,2.3,8.3,0.9,8.5,0.31,0.72,0.39,6,111.8,106
Kyle Korver,Mil,G-F,39.41,58,16.6,34.5,15.5,13.6,41,0.854,56,0.482,237,0.418,0.599,0.62,6.7,2.1,6.3,1.2,9.2,0.43,0.21,0.84,6.2,112.2,99.2
Rodions Kurucs,Bro,F,22.52,47,14.5,30.3,14.7,19.2,38,0.632,87,0.529,90,0.367,0.54,0.555,4.6,2.9,10.4,1.1,10.4,0.53,0.11,0.98,6.8,100.5,97.8
Kyle Kuzma,Lal,F,25.06,61,25,52.1,22.8,11,155,0.735,396,0.518,272,0.316,0.5,0.531,12.8,4.5,9.8,1.3,7.6,0.46,0.43,1.49,6.7,102.2,102.7
Skal Labissiere,Por,F-C,24.41,33,17.2,35.8,14.3,15.7,33,0.758,134,0.582,13,0.231,0.561,0.588,5.8,5.1,15.6,1.3,10.1,0.21,0.94,0.91,7.8,120,101.4
Jeremy Lamb,Ind,G-F,28.21,46,28.1,58.5,19.6,8.7,110,0.836,321,0.508,158,0.335,0.506,0.547,12.5,4.3,8.4,2.1,10.5,1.17,0.48,1.09,6.9,107.7,103
Romeo Langford,Bos,G-F,20.81,32,11.6,24.1,11.8,10.8,25,0.72,53,0.434,27,0.185,0.381,0.434,2.5,1.3,5.9,0.4,4.5,0.22,0.25,0.34,3.8,94.5,104.8
Zach LaVine,Chi,G-F,25.43,60,34.8,72.4,31.7,13.3,334,0.802,716,0.496,484,0.38,0.526,0.568,25.5,4.8,7.7,4.2,21.7,1.45,0.47,3.43,9.2,106.9,108.4
Vic Law,Orl,F,24.66,8,7.7,16.1,15.8,8.8,6,0.333,11,0.455,7,0.143,0.361,0.363,1.9,1.4,9.6,0.4,6.7,0.25,0,0.25,5.3,79.1,102.5
Jake Layman,Min,F,26.44,23,22,45.8,17.7,11.1,32,0.75,107,0.533,72,0.333,0.52,0.544,9.1,2.5,5.9,0.7,4.4,0.74,0.39,1.04,4.6,102.2,108.3
TJ Leaf,Ind,F,23.29,28,7.9,16.5,20,7.9,16,0.438,68,0.456,18,0.278,0.448,0.451,3,2.5,17.3,0.3,5.7,0.36,0.14,0.29,6.6,97.9,98.3
Jalen Lecque,Pho,G,20.17,5,6.3,13.2,17.3,15.5,2,1,6,0.667,4,0,0.4,0.46,2,0.4,3.5,0.4,8.7,0,0,0.4,4.3,85.5,108.5
Courtney Lee,Dal,G,34.87,24,14.4,30,11.9,11.4,7,0.857,35,0.543,47,0.447,0.616,0.629,4.5,1.3,4.9,0.5,4.7,0.75,0.25,0.46,4,115.9,105
Damion Lee,Gol,G-F,27.81,49,29,60.5,19,10.6,126,0.873,272,0.471,239,0.356,0.5,0.548,12.7,4.9,9.1,2.7,14.4,1.02,0.12,1.37,7.6,108,108.4
Alex Len,Atl,C,27.16,40,18.6,38.8,18.8,11.9,81,0.63,205,0.624,56,0.25,0.571,0.588,8.7,5.8,16.7,1.1,8.7,0.5,0.83,1,8.2,114.5,104
Alex Len,Sac,C,27.16,15,15,31.3,16.5,18.7,24,0.708,56,0.589,3,0.667,0.61,0.64,5.9,6.1,22.7,0.5,5.2,0.2,1,1.07,7,118.2,97.1
Kawhi Leonard,Lac,F,29.13,57,32.4,67.5,33,10.2,402,0.886,808,0.506,325,0.378,0.524,0.589,27.1,7.1,11.3,4.9,26.5,1.81,0.58,2.61,12.1,117,101.9
Meyers Leonard,Mia,C,28.46,51,20.3,42.2,12.1,13.7,28,0.643,106,0.623,128,0.414,0.622,0.627,6.1,5.1,13.9,1.1,7.6,0.27,0.29,0.76,6.4,114,100.7
Caris LeVert,Bro,G,25.97,45,29.6,61.6,29.4,12.5,197,0.711,512,0.451,220,0.364,0.48,0.514,18.7,4.2,7.3,4.4,25,1.18,0.22,2.6,9.5,102.2,106.8
Damian Lillard,Por,G,30.09,66,37.5,78.1,30.3,11,518,0.888,674,0.525,674,0.401,0.563,0.628,30,4.3,6,8,34.4,1.06,0.33,2.94,10.8,126.1,115.5
Nassir Little,Por,F-G,20.51,48,11.9,24.8,13.7,8.1,44,0.636,92,0.554,59,0.237,0.477,0.505,3.6,2.3,9.9,0.5,5,0.27,0.31,0.31,5.4,108,105.8
Kevon Looney,Gol,F,24.52,20,13.1,27.3,15.9,13.4,12,0.75,65,0.431,14,0.071,0.373,0.403,3.4,3.3,13.7,1,11.1,0.6,0.3,0.65,6.8,93,102.5
Brook Lopez,Mil,C,32.37,68,26.7,55.7,18.3,8.7,152,0.836,346,0.549,325,0.314,0.511,0.551,12,4.6,8.5,1.5,7.4,0.68,2.4,1.03,6.5,108.9,97.6
Robin Lopez,Mil,C,32.37,66,14.5,30.2,16.6,16.4,53,0.528,194,0.577,105,0.333,0.55,0.554,5.4,2.4,8.3,0.7,6.3,0.15,0.68,0.95,5.8,100.9,98.3
Kevin Love,Cle,F,31.94,56,31.8,66.2,23.2,14.6,219,0.854,337,0.537,390,0.374,0.55,0.599,17.6,9.8,17.1,3.2,15.4,0.59,0.34,2.52,10.3,112.5,110.1
Kyle Lowry,Tor,G,34.39,58,36.2,75.4,23.1,15.7,343,0.857,337,0.504,466,0.352,0.518,0.59,19.4,5,7.3,7.5,30.6,1.41,0.45,3.07,9.9,115.9,99.9
Timothe Luwawu-Cabarrot,Bro,G-F,25.27,47,18.1,37.8,16.8,10.8,81,0.852,109,0.505,160,0.388,0.55,0.599,7.8,2.7,7.7,0.6,4.9,0.38,0.13,0.79,5.1,113.4,100.9
Trey Lyles,San,F,24.78,63,20.2,42,13.6,9.7,45,0.733,175,0.503,168,0.387,0.541,0.557,6.4,5.7,15.3,1.1,7.2,0.44,0.44,0.62,6.8,113.1,107
Daryl Macon,Mia,G,24.71,4,3.5,7.3,15.6,40,0,0,1,0,2,0.5,0.5,0.5,0.8,0,0,0.3,9.6,0,0,0.5,0,,
J.P. Macura,Cle,G,25.2,1,0.6,1.3,0,,0,0,0,0,0,0,,,0,0,0,0,0,0,0,0,0,,
Josh Magette,Orl,G,30.71,8,4.7,9.9,23.8,23.9,2,0.5,11,0.364,4,0.25,0.367,0.378,1.5,0.8,8.5,0.6,19.3,0.38,0.13,0.63,7.6,71.2,98.8
Ian Mahinmi,Was,C,33.78,38,21.3,44.3,15.7,14.7,113,0.619,185,0.535,26,0.192,0.505,0.543,7.4,5.8,14.8,1.3,8.3,0.82,1.16,1.18,7.2,109.6,102.9
Thon Maker,Det,F-C,23.47,60,12.9,26.9,16.1,15.7,110,0.664,129,0.55,64,0.344,0.539,0.582,4.7,2.8,12.2,0.7,8,0.42,0.65,0.75,6.5,111.3,101.6
Terance Mann,Lac,G-F,23.82,41,8.8,18.4,12.6,16.5,27,0.667,59,0.508,20,0.35,0.513,0.545,2.4,1.3,7.9,1.3,19.3,0.27,0.12,0.44,7.2,113.3,98.3
Boban Marjanovic,Dal,C,32,42,10,20.9,26.9,11.7,57,0.754,193,0.606,17,0.235,0.586,0.615,6.9,4.7,24.5,0.5,8.3,0.19,0.24,0.74,10.1,118.8,96.6
Lauri Markkanen,Chi,F-C,23.23,50,29.8,62.2,21.1,11,153,0.824,274,0.518,317,0.344,0.517,0.56,14.7,6.3,11.6,1.5,7.6,0.84,0.48,1.62,7,107.9,107.5
Caleb Martin,Cha,F,24.88,18,17.6,36.7,15,13.9,21,0.81,47,0.362,37,0.541,0.56,0.595,6.2,2.1,6.6,1.3,11.1,0.67,0.39,0.83,5.8,113.2,105.9
Cody Martin,Cha,F,24.88,48,18.8,39.2,13.6,15.7,65,0.646,130,0.546,77,0.234,0.473,0.505,5,3.3,9.6,2,15.8,0.81,0.19,0.92,6.8,104.7,105.9
Jeremiah Martin,Bro,G,24.15,9,11,22.9,26.7,6.3,14,0.786,35,0.543,18,0.278,0.5,0.541,7.1,1.1,5.2,2,30.8,0.78,0.22,0.44,9.1,115.8,104.3
Kelan Martin,Min,F,25.03,31,16,33.3,17.9,9.3,31,0.968,85,0.541,96,0.26,0.461,0.506,6.4,3.1,10.2,0.7,6.8,0.23,0.29,0.65,6,100.7,106.1
Frank Mason,Mil,G,26.37,9,13.1,27.3,24.3,15.8,17,0.588,30,0.567,21,0.286,0.51,0.53,6.9,2.1,8,3.2,35,0.56,0.11,1.22,11,109.2,96.8
Garrison Mathews,Was,G,23.81,18,12.6,26.3,14.4,10.1,34,0.912,10,0.5,46,0.413,0.598,0.691,5.4,1.3,5.8,0.6,5.8,0.44,0.06,0.44,5.1,132.2,105.9
Wesley Matthews,Mil,G,33.84,67,24.4,50.8,12.5,8.7,68,0.765,125,0.472,297,0.364,0.524,0.547,7.4,2.5,5,1.4,7.1,0.55,0.13,0.64,4.9,108.5,101.9
Luc Mbah a Moute,Hou,F,33.93,3,8.2,17.1,11.6,14.5,2,0.5,3,0.667,2,0,0.4,0.425,1.7,0.7,4.3,0,0,0.67,0,0.33,0,82.3,114.2
Patrick McCaw,Tor,G,24.81,37,24.5,51.1,9.4,14.6,18,0.722,91,0.484,71,0.324,0.485,0.5,4.6,2.3,5,2.1,11.5,1.05,0.11,0.78,4.6,105.1,104
CJ McCollum,Por,G,28.9,70,36.5,76.1,25.9,8.1,185,0.757,844,0.494,512,0.379,0.522,0.541,22.2,4.3,6.1,4.4,19.1,0.77,0.6,1.81,8.2,110.8,113.1
T.J. McConnell,Ind,G,28.39,71,18.7,38.9,17.5,18.9,42,0.833,395,0.524,17,0.294,0.521,0.539,6.5,2.7,7.9,5,37.6,0.8,0.15,1.41,9.5,112.2,106.4
Jalen McDaniels,Cha,F-C,22.54,16,18.3,38.2,13.4,13.4,17,0.824,46,0.522,24,0.375,0.536,0.574,5.6,4.1,12.1,0.8,6.7,0.5,0.19,0.75,5.8,110.9,101.7
Doug McDermott,Ind,F,28.61,69,19.9,41.4,19.6,6.8,58,0.828,253,0.549,294,0.435,0.605,0.62,10.3,2.5,6.9,1.1,8.4,0.17,0.09,0.61,6.1,117.3,105.3
JaVale McGee,Lal,C-F,32.57,68,16.6,34.6,14.8,13.9,82,0.646,300,0.64,6,0.5,0.642,0.652,6.6,5.8,18.9,0.5,4.6,0.53,1.37,0.81,6.4,123,93.2
Rodney McGruder,Lac,G,29.05,56,15.6,32.4,10.6,10.9,34,0.559,92,0.522,89,0.27,0.464,0.477,3.3,2.7,9,0.7,5.5,0.46,0.14,0.43,4.7,99.8,102.3
Alfonzo McKinnie,Cle,F,27.91,40,14.8,30.9,15.2,12.3,31,0.71,106,0.557,65,0.215,0.468,0.493,4.6,2.8,10.6,0.4,3.3,0.58,0.2,0.65,4.7,98.5,104.8
Jordan McLaughlin,Min,G,24.35,30,19.7,41,15.8,13.7,39,0.667,102,0.569,76,0.382,0.57,0.587,7.6,1.6,4.4,4.2,31,1.13,0.13,1.03,7.5,121.5,111.3
Ben McLemore,Hou,G,27.51,71,22.8,47.5,16,8,67,0.746,93,0.656,452,0.4,0.61,0.622,10.1,2.2,5,0.8,5.2,0.65,0.23,0.7,4.6,117.3,106
Jordan McRae,Was,G,29.38,29,22.5,47,24.9,9.7,83,0.771,211,0.441,106,0.377,0.483,0.523,12.8,3.6,8.7,2.8,19.1,0.66,0.52,1.31,9,106,109.8
Jordan McRae,Den,G,29.38,4,8.1,16.8,10.5,0,4,0.75,2,0,4,0.5,0.5,0.58,2.3,1.3,8.7,1,15.5,0.5,0.25,0,7.1,143.3,106.8
Jordan McRae,Det,G,29.38,4,24.6,51.3,25.6,8.7,22,0.727,27,0.407,16,0.188,0.36,0.446,11.8,3.8,8.6,1.8,10.6,0,0,1.25,7,92.3,106.7
Nicolo Melli,Nor,0,29.55,60,17.4,36.2,15.7,11.5,73,0.74,117,0.573,206,0.335,0.528,0.556,6.6,3,9.2,1.4,10.5,0.57,0.38,0.77,7,110.6,103.5
De'Anthony Melton,Mem,G,22.22,60,19.5,40.5,19.2,15.6,121,0.769,261,0.464,140,0.286,0.451,0.501,7.6,3.7,9.9,2.9,20.1,1.27,0.33,1.4,8.9,102,102.5
Chimezie Metu,San,F-C,23.4,18,5.9,12.2,23.7,17.3,13,0.769,40,0.6,2,0,0.571,0.608,3.2,1.8,16.9,0.6,14.8,0.17,0.33,0.56,10.3,113,108.4
Khris Middleton,Mil,F,29.01,62,29.9,62.3,26.3,11.5,227,0.916,593,0.546,354,0.415,0.575,0.619,20.9,6.2,10.2,4.3,22.2,0.85,0.11,2.19,11,118.1,97.8
Eric Mika,Sac,C,25.61,1,19.1,39.8,8.8,0,2,1,3,0.667,0,0,0.667,0.773,6,7,20.6,0,0,0,0,0,0,171.2,85.6
CJ Miles,Was,G,33.41,10,16.1,33.5,18.6,5.6,20,0.75,24,0.333,35,0.314,0.415,0.472,6.4,1.2,4.1,1.2,10,1,0.4,0.4,5.2,102.9,110.8
Malcolm Miller,Tor,G-F,27.44,28,5.8,12,9.6,11,8,0.375,7,0.571,22,0.364,0.552,0.538,1.3,0.6,5.2,0.4,8.9,0.18,0.07,0.14,4.7,108.3,99.3
Paul Millsap,Den,F,35.51,51,24.3,50.7,20,12.3,141,0.816,314,0.5,124,0.435,0.543,0.591,11.6,5.7,13.2,1.6,9.6,0.86,0.59,1.37,7.8,115.8,100.9
Patty Mills,San,G,32.01,66,22.5,46.9,20.4,7.7,112,0.866,195,0.533,403,0.382,0.56,0.592,11.6,1.6,3.9,1.8,11.4,0.8,0.09,0.82,5.7,115.3,111.1
Shake Milton,Phi,G-F,23.88,40,20.1,41.9,18.8,13.3,65,0.785,142,0.535,135,0.43,0.588,0.617,9.4,2.2,6,2.6,18.8,0.48,0.18,1.18,7.5,117.6,102.5
Donovan Mitchell,Uta,G,23.94,69,34.3,71.4,30.8,11,322,0.863,869,0.494,473,0.366,0.513,0.558,24,4.4,7.1,4.3,21.6,1.01,0.2,2.67,9,109.5,105.7
Naz Mitrou-Long,Ind,G,27.03,5,9.4,19.5,18.7,15,0,0,5,0.8,12,0.167,0.412,0.412,2.8,1.4,8.2,1.6,22.9,0.2,0.2,0.6,7.8,87.1,108
Adam Mokoka,Chi,G,22.08,11,10.2,21.2,12.1,6.3,4,0.5,13,0.462,15,0.4,0.536,0.538,2.9,0.9,4.9,0.4,5,0.36,0,0.18,4,114.6,101.4
Malik Monk,Cha,G,22.53,55,21.3,44.3,22.9,12.6,100,0.82,284,0.542,204,0.284,0.494,0.53,10.3,2.9,7.3,2.1,16.6,0.45,0.29,1.4,7.5,102.7,110.4
Matt Mooney,Cle,G,23.52,4,4.7,9.8,9.1,0,0,0,2,0.5,2,0,0.25,0.25,0.5,0.8,8.9,0.3,6.8,0.5,0.25,0,4.2,69.4,107.1
E'Twaun Moore,Nor,G,31.47,56,18.2,37.9,19.9,8.1,45,0.689,270,0.456,167,0.377,0.498,0.51,8.3,2.3,6.8,1.4,11,0.57,0.2,0.71,6.6,103.7,108.9
Ja Morant,Mem,G,21.01,67,31,64.5,25.9,17,308,0.776,758,0.511,179,0.335,0.509,0.556,17.8,3.9,6.5,7.3,35.2,0.88,0.27,3.28,10.3,108.4,110.7
Juwan Morgan,Uta,F,23.33,21,6.4,13.3,11,17.8,4,0.75,18,0.667,8,0.375,0.635,0.648,1.7,1.4,11.9,0.3,6.2,0.05,0.1,0.29,5.6,121,98.8
Marcus Morris Sr.,Nyk,F,30.95,43,32.3,67.2,24.4,9.2,198,0.823,372,0.444,264,0.439,0.533,0.582,19.6,5.4,9,1.4,6.8,0.77,0.4,1.7,6.6,113.4,107.5
Marcus Morris Sr.,Lac,F,30.95,19,28.9,60.2,15.8,11.6,22,0.818,90,0.533,84,0.31,0.5,0.523,10.1,4.1,7.4,1.4,6.8,0.68,0.68,1.26,5.4,100.8,102.1
Markieff Morris,Det,F,30.95,44,22.5,46.8,21.8,14.2,79,0.772,200,0.5,189,0.397,0.546,0.573,11,3.9,9.9,1.6,11,0.59,0.23,1.59,7.3,104.4,104.7
Markieff Morris,Lal,F,30.95,14,14.2,29.7,16.6,7.6,6,0.833,30,0.5,40,0.325,0.493,0.509,5.3,3.2,12.3,0.6,5.4,0.36,0.43,0.43,6.1,108.5,95.6
Monte Morris,Den,G,25.13,73,22.4,46.7,17.5,8.2,89,0.843,394,0.495,172,0.378,0.517,0.545,9,1.9,4.7,3.5,22.1,0.75,0.23,0.74,7,117.4,112.3
Johnathan Motley,Lac,F,25.28,13,3.2,6.6,23.5,21.7,7,0.714,14,0.714,1,1,0.767,0.774,2.2,0.8,12.6,0.5,28.7,0.23,0,0.38,12,,
Emmanuel Mudiay,Uta,G,24.44,54,15.7,32.8,22.6,17.3,83,0.759,239,0.506,87,0.345,0.509,0.545,7.3,2.3,8.2,2.1,20.9,0.44,0.19,1.41,8.4,103,104
Mychal Mulder,Gol,G,26.18,7,29.1,60.6,16.2,6.5,12,0.75,15,0.667,52,0.308,0.507,0.533,11,3.3,6.1,1.1,5.9,0.29,0.14,0.71,4.7,104.9,109.5
Dejounte Murray,San,G,23.9,66,25.6,53.2,20.8,15.4,114,0.798,526,0.481,111,0.369,0.494,0.524,10.9,5.8,12.3,4.1,23.1,1.68,0.26,1.89,10,104.7,104.4
Jamal Murray,Den,G,23.47,59,32.3,67.2,25.2,11.5,185,0.881,570,0.519,324,0.346,0.519,0.559,18.5,4,6.9,4.8,22.9,1.14,0.29,2.15,8.8,111.5,110.3
Dzanan Musa,Bro,G-F,21.27,40,12.2,25.4,20.1,15.4,60,0.75,94,0.479,78,0.244,0.427,0.484,4.8,2.2,9.1,1.1,12.6,0.38,0.03,0.9,7.4,95.8,106.5
Mike Muscala,Okc,F-C,29.12,47,12.2,25.3,16.6,7.9,22,0.818,46,0.5,143,0.378,0.55,0.569,4.8,2.3,10.4,0.9,10.1,0.19,0.26,0.36,7,114,101.5
Svi Mykhailiuk,Det,G-F,23.18,56,22.6,47.1,17.1,12.3,70,0.814,120,0.425,285,0.404,0.552,0.578,9,1.9,4.7,1.9,12.3,0.73,0.07,1.09,5.6,110.3,110.6
Abdel Nader,Okc,F,26.89,55,15.8,32.8,17,12.8,66,0.773,135,0.556,128,0.375,0.559,0.591,6.3,1.8,6.4,0.7,6.4,0.42,0.36,0.78,5.1,107.4,103.8
Larry Nance Jr.,Cle,F-C,27.62,56,26.3,54.8,15.2,11.5,74,0.676,272,0.636,159,0.352,0.596,0.608,10.1,7.3,15.4,2.2,12.3,0.98,0.39,1.07,8.3,121.9,109.4
Shabazz Napier,Min,G,29.09,36,23.8,49.6,19.1,19.1,88,0.818,124,0.54,159,0.296,0.486,0.539,9.6,3.1,6.8,5.2,31.3,1.14,0.19,2.11,9,108.1,108.9
Shabazz Napier,Was,G,29.09,20,24.4,50.9,21.6,20.5,65,0.831,92,0.489,81,0.358,0.512,0.573,11.6,2.4,5.4,3.8,21.6,1.45,0.2,2.6,7.8,103.7,110.9
Raul Neto,Phi,G,28.24,54,12.4,25.8,18.6,16.3,47,0.83,133,0.504,88,0.386,0.534,0.569,5.1,1.1,5,1.8,20.3,0.44,0.11,0.87,7,108.8,106.4
Malik Newman,Cle,G,23.48,1,3.7,7.7,44.8,25.8,2,1,1,0,1,0,0,0.347,2,0,0,0,0,0,0,1,0,,
Georges Niang,Uta,F,27.16,66,14,29.1,17.2,8.3,24,0.833,97,0.526,225,0.4,0.578,0.589,5.9,1.9,7.6,0.7,6.9,0.27,0.08,0.45,5.7,113,105.1
Joakim Noah,Lac,F-C,35.47,5,10,20.9,14.6,34.2,8,0.75,8,0.5,0,0,0.5,0.608,2.8,3.2,16.5,1.4,17.9,0.2,0.2,1.2,9.3,106,90.6
Nerlens Noel,Okc,C-F,26.35,61,18.5,38.5,14.9,17.3,106,0.755,266,0.688,3,0.333,0.686,0.711,7.4,4.9,14.7,0.9,7.6,0.97,1.49,1.08,6.9,127.4,93.7
Zach Norvell Jr.,Lal,G-F,22.68,2,2.5,5.1,8.6,0,0,0,1,0,0,0,0,0,0,0.5,11.2,0,0,0,0,0,0,,
Zach Norvell Jr.,Gol,G-F,22.68,3,12,25,17.1,20.8,1,1,3,0,8,0.375,0.409,0.437,3.3,1.7,7.5,1,11.7,0.67,0,1,5.9,78.3,104.2
Jaylen Nowell,Min,G,21.35,15,10.1,21,17.3,4.7,17,0.941,27,0.593,26,0.115,0.387,0.471,3.8,0.9,4.5,1.3,17.8,0.2,0,0.2,6.5,109.7,111.6
Frank Ntilikina,Nyk,G,22.05,57,20.8,43.4,15.4,16.5,59,0.864,196,0.444,137,0.321,0.459,0.497,6.3,2.1,5.4,3,20.2,0.95,0.28,1.25,6.6,102.6,104.4
Kendrick Nunn,Mia,G,25.03,67,29.3,61,24,10.6,100,0.85,523,0.505,391,0.35,0.514,0.534,15.3,2.7,5.1,3.3,18.5,0.84,0.22,1.7,7,103.3,106.4
Jusuf Nurkic,Por,C,25.98,8,31.7,65.9,24,13.2,35,0.886,99,0.525,10,0.2,0.505,0.567,17.6,10.3,17,4,19.1,1.38,2,2.38,11.3,115.5,98.3
David Nwaba,Bro,G-F,27.58,20,13.4,28,14.2,8.8,27,0.667,43,0.581,28,0.429,0.606,0.627,5.2,2.3,8.7,0.4,4.3,0.55,0.6,0.4,5,119.6,99.5
Semi Ojeleye,Bos,F,25.69,69,14.6,30.5,9.7,8.3,32,0.875,69,0.464,127,0.378,0.531,0.562,3.4,2.1,7.7,0.5,4.7,0.3,0.07,0.28,4.2,115.8,104.4
Jahlil Okafor,Nor,C-F,24.67,30,15.6,32.4,19.9,16.7,62,0.645,159,0.629,3,0.333,0.627,0.642,8.1,4.2,14.4,1.2,12,0.23,0.73,1.27,8.8,116.6,101.1
Elie Okobo,Pho,F-G,22.81,55,13.1,27.2,14.8,15.2,71,0.704,110,0.427,71,0.352,0.467,0.516,4,1.6,7,2.1,21.2,0.45,0.07,0.69,7.3,108.5,107.4
Josh Okogie,Min,G,21.95,62,25,52,15.1,15.1,191,0.796,244,0.529,154,0.266,0.479,0.553,8.6,4.3,9.1,1.6,8.9,1.1,0.42,1.39,6.2,108.5,107.1
KZ Okpala,Mia,F-G,21.3,5,5.2,10.8,11.6,14.5,2,0.5,4,0.75,1,0,0.6,0.595,1.4,1,10.7,0.2,5.5,0.4,0.2,0.2,5,110,101.3
Victor Oladipo,Ind,G,28.28,19,27.8,57.9,26.5,14.7,59,0.814,142,0.451,104,0.317,0.461,0.506,14.5,3.9,7.8,2.9,15.4,0.89,0.21,2.47,7.9,94.3,105.3
Kelly Olynyk,Mia,C,29.32,67,19.4,40.4,17.4,13.8,100,0.86,164,0.543,234,0.406,0.582,0.621,8.2,4.6,13.1,1.7,13.3,0.67,0.34,1.06,8.3,116.1,96.6
Royce O'Neale,Uta,F,27.2,71,28.9,60.1,9.6,13.5,55,0.764,121,0.545,244,0.377,0.559,0.578,6.3,5.5,10.4,2.5,11.6,0.83,0.45,0.86,6.1,116.5,101.1
Miye Oni,Uta,G-F,23.03,10,10.9,22.7,15.3,10.5,5,0.8,13,0.385,19,0.368,0.484,0.512,3.5,1.7,8.6,0.4,5.1,0.4,0.2,0.4,4.9,103.6,104.1
Kyle O'Quinn,Phi,C-F,30.39,29,10.8,22.5,15.7,17.6,20,0.55,58,0.603,27,0.259,0.535,0.544,3.5,4,20.5,1.8,22.7,0.24,0.83,0.69,10.9,116,97.7
Cedi Osman,Cle,F,25.35,65,29.4,61.2,16.6,12.3,94,0.67,288,0.497,321,0.383,0.538,0.552,11,3.6,6.7,2.4,11.6,0.83,0.25,1.4,6.2,107.7,110.3
Kelly Oubre Jr.,Pho,F-G,24.68,56,34.5,71.9,22.4,8.2,246,0.78,519,0.511,307,0.352,0.517,0.56,18.7,6.5,10.4,1.5,6.6,1.25,0.71,1.48,6.6,108.8,103.5
Tariq Owens,Pho,F,25.13,3,5.1,10.7,16.2,0,2,1,3,0.333,2,0,0.2,0.34,1.3,1,10.8,0,0,0.33,0,0,0,95.2,107.5
Jeremy Pargo,Gol,G,34.44,3,14.8,30.8,25.5,15.1,1,0,15,0.533,7,0.429,0.568,0.557,8.3,1,3.7,2.7,32.8,0.33,0,1.33,7.6,103,101.2
Jabari Parker,Atl,F,25.42,32,26.2,54.5,24,12.4,72,0.736,278,0.601,115,0.27,0.543,0.565,15,6,12.3,1.8,11.5,1.31,0.47,1.88,8.3,106.3,105.7
Jabari Parker,Sac,F,25.42,6,13.4,28,23.7,9.1,9,0.889,32,0.625,4,0.25,0.597,0.638,8.5,3.8,16.1,1.7,21.3,0.5,0.17,0.67,11.3,128.7,106.1
Chandler Parsons,Atl,F,31.8,5,10.8,22.6,16.1,14.3,0,0,4,0.25,14,0.286,0.389,0.389,2.8,1.4,7,0.6,7.4,0.8,0.2,0.6,4.9,77.1,111.9
Eric Paschall,Gol,F,23.78,60,27.6,57.4,21.4,11.3,212,0.774,512,0.549,129,0.287,0.525,0.57,14,4.6,9,2.1,12.7,0.53,0.22,1.57,7.4,110,110.8
Anzejs Pasecniks,Was,C,24.65,26,16.8,35,15.8,14.5,58,0.586,113,0.54,3,0,0.526,0.551,6,4.1,13.4,0.7,5.7,0.35,0.46,0.92,6.1,108.4,101.5
Patrick Patterson,Lac,F,31.42,59,13.2,27.4,14.7,7.7,43,0.814,61,0.459,172,0.39,0.552,0.58,4.9,2.6,10.1,0.7,7.2,0.12,0.05,0.36,6.3,118.9,104.9
Justin Patton,Okc,C,23.17,5,4.8,10.1,21.8,16.7,0,0,6,0.5,4,0.25,0.45,0.45,1.8,1,11.4,0.4,12.5,0,0,0.4,7.5,85.6,95.6
Chris Paul,Okc,G,35.28,70,31.5,65.7,23.3,13.8,279,0.907,583,0.554,304,0.365,0.552,0.61,17.6,5,8.8,6.7,34,1.59,0.16,2.3,10.6,120.4,103
Cameron Payne,Pho,G,26.02,8,22.9,47.7,19.1,13.4,7,0.857,39,0.462,29,0.517,0.596,0.612,10.9,3.9,9.4,3,19.4,1,0.25,1.38,8.8,114.7,102.1
Gary Payton II,Was,G,27.7,29,14.9,31,13.4,14.3,8,0.5,70,0.5,46,0.283,0.47,0.473,3.9,2.8,10.1,1.7,14.8,1.14,0.24,0.69,7.1,102.6,103.9
Elfrid Payton,Nyk,G,26.48,45,27.7,57.7,19.5,16.6,86,0.57,371,0.482,69,0.203,0.455,0.47,10,4.7,9,7.2,38.6,1.58,0.38,2.11,10.1,104.8,107.8
Norvel Pelle,Phi,F,27.53,24,9.7,20.1,13.4,24.9,14,0.5,47,0.532,1,0,0.521,0.526,2.4,3,17.2,0.3,4.6,0.13,1.25,0.75,5.3,93.2,86.1
Theo Pinson,Bro,G-F,24.78,33,11.1,23.1,22.3,16.9,16,0.938,75,0.4,80,0.188,0.339,0.37,3.6,1.6,7.6,1.7,21.6,0.52,0.12,1,7.7,80.4,102.2
Mason Plumlee,Den,F-C,30.45,61,17.3,36.1,18,18.5,155,0.535,283,0.625,5,0,0.615,0.613,7.2,5.2,16.7,2.5,20.9,0.52,0.61,1.33,10.5,117.4,98.1
Jakob Poeltl,San,C,24.83,66,17.7,37,13.1,14.9,86,0.465,266,0.624,0,0,0.624,0.612,5.6,5.7,17.2,1.8,13.7,0.56,1.45,0.8,8.7,125.5,103.5
Vincent Poirier,Bos,C-F,26.8,22,5.9,12.3,15.4,17,7,0.857,34,0.471,2,0.5,0.486,0.525,1.9,2,17.7,0.4,8.5,0.09,0.41,0.36,7.8,106.2,88.7
Shamorie Ponds,Tor,G,19.2,4,2.7,5.5,23.7,0,2,1,3,0.667,2,0.5,0.7,0.765,2.3,0.3,5,0.5,34.3,0,0.25,0,10.4,,
Jordan Poole,Gol,G,21.16,57,22.3,46.6,21,11.5,119,0.798,237,0.392,265,0.279,0.406,0.454,8.8,2.1,5,2.4,15.8,0.6,0.18,1.26,6.3,91.8,111.4
Kevin Porter Jr.,Cle,G-F,20.28,50,23.2,48.4,20.6,16.7,101,0.723,263,0.506,158,0.335,0.505,0.535,10,3.2,7.7,2.2,13.9,0.92,0.28,1.86,7.1,99.6,105.5
Michael Porter Jr.,Den,F,22.13,55,16.4,34.2,22.3,10.6,72,0.833,236,0.564,147,0.422,0.59,0.617,9.3,4.7,16.1,0.8,7.8,0.49,0.45,0.89,8,117,100.7
Otto Porter Jr.,Chi,F,27.2,14,23.6,49.2,21,6.8,27,0.704,78,0.487,62,0.387,0.529,0.55,11.9,3.4,8,1.8,11.9,1.07,0.43,0.79,7.1,112.6,105
Bobby Portis,Nyk,F,25.51,66,21.1,44,21.4,10.4,93,0.763,402,0.493,187,0.358,0.507,0.53,10.1,5.1,12.9,1.5,11.1,0.5,0.27,1.11,8.1,106.6,107.6
Kristaps Porzingis,Dal,F-C,25.04,57,31.8,66.3,27,8,283,0.799,529,0.484,403,0.352,0.503,0.551,20.4,9.5,15.6,1.8,8.8,0.72,2.02,1.61,8.9,110.7,101.4
Dwight Powell,Dal,F-C,29.07,40,26.5,55.2,12.7,11.8,111,0.667,190,0.716,39,0.256,0.659,0.677,9.4,5.7,11.3,1.5,7.7,0.88,0.53,0.93,6.5,132.3,104.1
Norman Powell,Tor,G,27.23,52,28.4,59.2,21.4,10.5,153,0.843,323,0.579,273,0.399,0.588,0.626,16,3.6,6.7,1.8,9.7,1.15,0.4,1.5,6.6,115.4,102.2
Taurean Prince,Bro,F,26.4,64,29,60.5,20.4,14,89,0.798,308,0.429,431,0.339,0.475,0.497,12.1,6,10.6,1.8,9.2,0.89,0.39,1.98,7,93.5,102.7
Chasson Randle,Gol,G,27.52,3,13.5,28.1,7,0,6,0.833,2,0,2,0,0,0.377,1.7,0.7,2.7,1.7,15.5,0.67,0,0,3.7,113.2,111
Julius Randle,Nyk,C-F,25.71,64,32.5,67.7,27.6,14.3,352,0.733,774,0.516,231,0.277,0.493,0.538,19.5,9.7,16,3.1,15.8,0.8,0.34,3.03,10.3,104.4,105.7
Josh Reaves,Dal,G-F,23.2,4,7.1,14.7,14.9,0,2,1,7,0.429,2,0,0.333,0.405,2,0.8,5.6,0.8,14.1,0,0,0,6.1,106.5,99.6
Cam Reddish,Atl,F-G,20.95,58,26.7,55.7,18.9,13.5,126,0.802,304,0.428,250,0.332,0.459,0.5,10.5,3.7,7.5,1.5,8,1.07,0.48,1.64,5.8,95,110.5
JJ Redick,Nor,G,36.14,60,26.4,54.9,20.4,9.5,185,0.892,234,0.453,397,0.453,0.596,0.644,15.3,2.5,5.1,2,10.8,0.33,0.18,1.25,6.4,121.9,112.1
Naz Reid,Min,C-F,20.97,30,16.5,34.4,24,7.6,53,0.698,146,0.466,97,0.33,0.477,0.505,9,4.1,13.2,1.2,11.2,0.63,0.73,0.73,8.6,104.8,97.6
Josh Richardson,Phi,G,26.92,55,30.8,64.1,20.6,12.8,141,0.809,397,0.486,249,0.341,0.496,0.533,13.7,3.2,5.7,2.9,13.9,0.95,0.65,1.89,6.5,103.8,106
Austin Rivers,Hou,G,28.04,68,23.4,48.8,15.6,8.3,111,0.703,231,0.498,270,0.356,0.517,0.542,8.8,2.6,5.7,1.7,10,0.72,0.16,0.74,5.8,110.2,107.2
Andre Roberson,Okc,G-F,28.7,7,12.4,25.9,16.1,6.3,2,0.5,15,0.333,14,0.214,0.328,0.335,2.9,3.9,17.1,0.6,6.3,0.14,0.43,0.29,6.1,84.1,94.7
Glenn Robinson III,Gol,F,26.6,48,31.6,65.8,16.6,8.7,74,0.851,336,0.524,170,0.4,0.549,0.575,12.9,4.7,8,1.8,8.8,0.94,0.29,1.06,6,112.4,112.8
Glenn Robinson III,Phi,F,26.6,14,19.3,40.2,15.2,5.2,12,0.917,58,0.603,27,0.333,0.571,0.598,7.7,3.1,9,0.8,5.9,0.71,0.14,0.36,5.5,123.1,106.4
Duncan Robinson,Mia,F,26.32,73,29.7,61.8,16,8.8,72,0.931,81,0.654,606,0.446,0.667,0.684,13.5,3.2,6,1.4,7.1,0.48,0.26,0.95,5.3,122.2,105.3
Jerome Robinson,Lac,G,23.48,42,11.3,23.6,15,15.3,19,0.579,69,0.391,67,0.284,0.408,0.423,2.9,1.4,6.5,1.1,12.7,0.31,0.19,0.62,5.8,87.1,99.9
Jerome Robinson,Was,G,23.48,21,24,49.9,17.7,10.8,38,0.763,88,0.443,86,0.349,0.483,0.516,9.4,3.3,7.5,2,11.2,0.71,0.43,1.1,6.6,102.4,107.9
Justin Robinson,Was,G,22.84,9,5.4,11.3,12.8,20,0,0,7,0.286,5,0.6,0.542,0.542,1.4,0.6,5.6,0.8,18.9,0,0.11,0.33,6.5,104.9,118.5
Mitchell Robinson,Nyk,C-F,22.37,61,23.2,48.2,13.3,8.3,148,0.568,341,0.742,0,0,0.742,0.726,9.7,7,16.2,0.6,3.9,0.85,1.95,0.61,5.9,141.7,100.3
Isaiah Roby,Okc,F,22.53,3,3.8,7.9,7.7,50,0,0,1,0,0,0,0,0,0,0.7,9.7,0,0,0,0,0.33,0,,
Rajon Rondo,Lal,G,34.48,48,20.5,42.7,18.7,20.9,41,0.659,202,0.475,125,0.328,0.482,0.496,7.1,3,7.9,5,32.8,0.81,0.04,1.9,9.2,102.6,104.6
Derrick Rose,Det,G,31.86,50,26,54.1,31.6,13.4,139,0.871,606,0.535,147,0.306,0.52,0.555,18.1,2.4,5.3,5.6,40.5,0.8,0.34,2.52,9.6,109.6,114
Terrence Ross,Orl,G-F,29.52,69,27.4,57,22.8,7,184,0.853,342,0.48,504,0.351,0.508,0.548,14.7,3.2,6.3,1.2,6.8,1.12,0.35,1.01,5.6,106.4,107.1
Terry Rozier,Cha,G,26.41,63,34.4,71.6,23.8,12.1,191,0.869,518,0.436,425,0.405,0.513,0.552,18,4.4,7,4.1,20.3,0.95,0.16,2.24,8,108.5,110.8
Ricky Rubio,Pho,G,29.82,65,31,64.6,20.4,17.9,226,0.863,476,0.439,216,0.361,0.471,0.535,13,4.7,8.4,8.8,39.7,1.45,0.17,2.66,10.5,112.4,105.2
D'Angelo Russell,Gol,G,24.47,33,32.1,66.9,32.2,12.6,144,0.785,314,0.487,321,0.374,0.524,0.558,23.6,3.7,6.2,6.2,35.9,0.91,0.27,3.06,10.2,106.7,112.3
D'Angelo Russell,Min,G,24.47,12,32.6,68,29.5,16.7,55,0.873,100,0.49,110,0.345,0.505,0.555,21.7,4.6,7.4,6.6,33.1,1.42,0.33,3.92,10.7,105.1,110.2
Domantas Sabonis,Ind,F-C,24.28,62,34.8,72.5,23.3,14.9,296,0.723,780,0.565,67,0.254,0.551,0.587,18.5,12.4,19.6,5,21.7,0.73,0.48,2.76,12,115,99.1
Luka Samanic,San,F,20.6,3,16.1,33.6,17.6,10.1,4,0.75,8,0.25,8,0.375,0.406,0.45,5.3,3.3,11.1,2,16.2,0,0.67,0.67,8.1,98.3,104.4
JaKarr Sampson,Ind,F,27.41,34,13.8,28.8,13.2,10.6,27,0.667,102,0.647,13,0.154,0.6,0.615,4.6,2.6,10.2,0.6,6.1,0.47,0.35,0.44,5.6,117.6,96.9
Dario Saric,Pho,F,26.35,66,24.7,51.5,17.8,12.9,128,0.844,303,0.568,235,0.357,0.554,0.592,10.7,6.2,13.8,1.9,10.8,0.56,0.24,1.33,8.1,113.9,103.9
Tomas Satoransky,Chi,G,28.79,65,28.9,60.2,16.7,17.7,121,0.876,352,0.491,199,0.322,0.488,0.533,9.9,3.9,7.5,5.4,27.1,1.23,0.11,2,8.2,110.7,108
Admiral Schofield,Was,G-F,23.38,33,11.2,23.3,11.8,6.7,15,0.667,31,0.516,60,0.317,0.489,0.507,3,1.4,7,0.5,5.3,0.24,0.12,0.21,4.6,104.5,106.4
Dennis Schroder,Okc,G,26.92,65,30.8,64.1,27.2,13.4,236,0.839,640,0.513,325,0.385,0.534,0.575,18.9,3.6,6.5,4,21.9,0.71,0.22,2.55,8.4,107.7,105.5
Mike Scott,Phi,F,32.08,68,17.8,37,14,6.6,37,0.811,133,0.519,217,0.369,0.54,0.557,6,3.7,11.4,0.8,6.4,0.32,0.07,0.38,5.9,116.2,105.2
Thabo Sefolosha,Hou,F-G,36.29,41,10.6,22.1,10.4,13.7,8,0.375,37,0.595,54,0.278,0.489,0.487,2.2,2.3,11.2,0.6,7.6,0.59,0.29,0.37,5.5,102.7,101.9
Collin Sexton,Cle,G,21.61,65,33,68.7,27.2,11.6,267,0.846,832,0.5,255,0.38,0.517,0.56,20.8,3.2,5.3,3,15.1,1.02,0.11,2.43,7.1,108.5,112.9
Landry Shamet,Lac,G,23.43,53,27.4,57.1,13.4,9,76,0.855,95,0.495,296,0.375,0.546,0.58,9.3,1.9,3.6,1.9,9.1,0.38,0.19,0.79,4.7,115.1,104.1
Marial Shayok,Phi,G-F,25.06,4,7,14.5,25.9,17.9,4,0.75,6,0.167,6,0.333,0.333,0.4,2.8,1.8,13.9,0.3,4.8,0,0.25,0.75,6.6,75,97.8
Iman Shumpert,Bro,G,30.14,13,18.5,38.6,13.4,13,7,0.571,31,0.419,33,0.242,0.391,0.403,4.2,2.6,7.3,0.9,6.7,0.92,0.15,0.77,4.6,84.9,103.4
Pascal Siakam,Tor,F,26.37,60,35.2,73.3,28.1,10.7,303,0.792,739,0.499,365,0.359,0.512,0.554,22.9,7.3,11,3.5,16.4,1.02,0.88,2.47,9.5,107.1,99.9
Chris Silva,Mia,F,23.9,44,7.9,16.4,17.2,24.4,55,0.673,75,0.64,3,0,0.615,0.651,3,2.9,20.3,0.5,9.9,0.18,0.48,0.75,8.3,119.6,85.1
Ben Simmons,Phi,F,24.07,57,35.4,73.7,20.9,20.4,298,0.621,641,0.582,7,0.286,0.58,0.601,16.4,7.8,12.2,8,33.8,2.11,0.58,3.51,11.4,115.2,100.7
Anfernee Simons,Por,G,21.19,70,20.7,43.1,18.7,9.6,92,0.826,311,0.447,226,0.332,0.468,0.501,8.3,2.2,5.5,1.4,9.2,0.37,0.14,0.87,5.7,101.6,111.2
Alen Smailagic,Gol,F,19.99,14,9.9,20.7,18.3,18.5,19,0.842,27,0.63,13,0.231,0.538,0.61,4.2,1.9,10.5,0.9,14.3,0.21,0.29,0.79,7.8,112.3,107.7
Marcus Smart,Bos,G,26.44,60,32,66.6,18.9,12.2,152,0.836,287,0.415,395,0.347,0.476,0.518,12.9,3.8,6.3,4.9,21.1,1.67,0.48,1.73,7.8,109.4,102.6
Dennis Smith Jr.,Nyk,G,22.72,34,15.8,32.9,23.1,19.8,53,0.509,157,0.357,54,0.296,0.379,0.399,5.5,2.3,7.7,2.9,26.3,0.82,0.24,1.71,8.4,84.2,103.1
Ish Smith,Was,G,32.11,68,26.3,54.7,19.1,11.6,86,0.721,520,0.473,169,0.367,0.492,0.509,10.9,3.2,6.7,4.9,27.1,0.88,0.44,1.4,8.4,107.8,113.9
JR Smith,Lal,G,34.93,6,13.2,27.4,14.4,14.9,2,1,11,0.545,11,0.091,0.341,0.372,2.8,0.8,3.5,0.5,4.8,0.17,0,0.67,3.1,71.7,107.3
Zhaire Smith,Phi,G,21.2,7,4.6,9.6,19.7,13.6,4,0.5,8,0.375,3,0,0.273,0.313,1.1,0.3,3.4,0.3,8.2,0.43,0,0.29,4,64.7,97.5
Tony Snell,Det,G,28.76,59,27.8,57.9,11.4,7.3,32,1,128,0.531,254,0.402,0.579,0.598,8,1.9,3.8,2.2,10.9,0.54,0.25,0.53,4.6,121.8,112.4
Omari Spellman,Gol,F,23.07,49,18.1,37.7,18.7,13.6,92,0.793,185,0.454,110,0.391,0.503,0.551,7.6,4.4,13.3,1,8.1,0.67,0.49,1.08,7.1,106.9,109
Max Strus,Chi,G-F,24.38,2,3.1,6.5,23.6,0,1,1,2,1,1,0,0.667,0.727,2.5,0.5,8.9,0,0,0,0,0,0,,
Edmond Sumner,Ind,G,24.62,31,14.4,30,17.3,11.9,29,0.552,89,0.528,53,0.264,0.479,0.491,4.9,1.5,5.5,1.8,16.7,0.48,0.29,0.68,6.6,101,103.3
Caleb Swanigan,Sac,F,23.33,7,3.3,6.8,20.7,55.1,2,0.5,4,0.5,0,0,0.5,0.512,0.7,1,17.3,0.3,11.6,0.14,0.29,0.86,7.2,,
Caleb Swanigan,Por,F,23.33,20,13.3,27.6,12.9,38.5,15,0.533,41,0.634,2,0,0.605,0.605,3,4.7,18.4,1.5,14.1,0.1,0.25,1.55,8.3,98.2,94.3
Jayson Tatum,Bos,F-G,22.45,66,34.3,71.5,28.6,10.1,313,0.812,758,0.479,469,0.403,0.527,0.567,23.4,7,10.9,3,14.5,1.42,0.86,2.33,9.2,110.5,103.5
Jeff Teague,Min,G,32.18,34,27.8,57.9,20.2,16.4,144,0.868,238,0.471,87,0.379,0.497,0.577,13.2,2.6,4.9,6.1,32.5,0.74,0.38,2.24,8.5,116.1,110.8
Jeff Teague,Atl,G,32.18,25,20.8,43.2,18.3,17.5,53,0.887,135,0.43,30,0.333,0.442,0.512,7.7,2.2,5.6,4,27.3,0.76,0.24,1.6,7.8,105.4,113.4
Garrett Temple,Bro,G-F,34.27,62,27.9,58.1,16.6,9,87,0.805,201,0.473,386,0.329,0.486,0.513,10.3,3.5,6.5,2.5,12.8,0.79,0.47,1,6.4,105.8,107.2
Daniel Theis,Bos,F,28.36,65,24.1,50.2,14.4,10.2,114,0.763,330,0.633,96,0.333,0.603,0.631,9.2,6.5,14.5,1.7,10.1,0.57,1.29,0.83,7.7,129.3,95.5
Isaiah Thomas,Was,G,31.52,40,23.1,48.2,24.1,14.2,76,0.816,237,0.405,189,0.413,0.5,0.531,12.2,1.7,4,3.7,23.5,0.33,0.15,1.9,7.4,102.8,113.7
Khyri Thomas,Det,G,24.27,8,7.7,15.9,15.5,13.8,4,0.5,3,0,14,0.357,0.441,0.453,2.1,0.1,0.9,0.4,6.7,0.38,0,0.38,2.3,88,103
Lance Thomas,Bro,F,32.31,7,14,29.1,13.2,19.5,4,1,10,0.4,13,0.308,0.435,0.485,3.4,1.9,6.9,0.9,8.2,0,0,0.86,5.1,90.4,103.5
Matt Thomas,Tor,G,26.03,41,10.7,22.4,16.6,9.3,12,0.75,51,0.51,99,0.475,0.643,0.65,4.9,1.5,7.3,0.5,7.5,0.24,0.02,0.39,5.8,118.6,101.6
Tristan Thompson,Cle,C-F,29.43,57,30.2,62.9,18.3,14,161,0.615,538,0.519,23,0.391,0.521,0.541,12,10.1,18.6,2.1,10.5,0.56,0.88,1.81,8.4,111.1,109.5
Sindarius Thornwell,Nor,G,25.75,2,17.8,37,17,13.6,4,0.5,7,0.571,4,0.5,0.636,0.627,8,2,6,2,15.9,0.5,0.5,1,7.1,115.2,111
Matisse Thybulle,Phi,G-F,23.45,65,19.8,41.3,11.2,15.3,41,0.61,108,0.519,157,0.357,0.528,0.539,4.7,1.6,4.6,1.2,8,1.43,0.72,0.78,4.2,104.7,100.7
Anthony Tolliver,Por,F,35.21,33,16.8,35,11.2,14.3,19,0.684,28,0.464,89,0.337,0.496,0.515,3.9,3.3,10.4,0.9,6.6,0.24,0.27,0.64,5.4,105.7,109
Anthony Tolliver,Sac,F,35.21,9,9.1,18.9,11.6,18.3,2,0.5,2,0.5,15,0.133,0.235,0.252,1,1.2,7.6,0.3,4.6,0.44,0.11,0.44,3.1,57,107.8
Anthony Tolliver,Mem,F,35.21,13,18.2,37.9,10.7,14.9,8,0.875,7,0.286,41,0.415,0.573,0.602,4.8,2.5,7.4,0.8,5.3,0.54,0.08,0.69,4.7,109.4,109.4
Juan Toscano-Anderson,Gol,F,27.35,13,20.9,43.6,12.7,19.7,5,0.6,40,0.525,23,0.348,0.524,0.529,5.3,4,10.4,2,13.8,1,0.38,1.23,6.7,98.5,104.2
Karl-Anthony Towns,Min,C-F,24.75,35,33.9,70.7,28.8,13.2,226,0.796,345,0.586,277,0.412,0.6,0.642,26.5,10.8,16.8,4.4,22.8,0.94,1.2,3.14,12.7,120.7,104
Gary Trent Jr.,Por,G-F,21.57,61,21.8,45.5,15.3,4.4,45,0.822,173,0.486,268,0.418,0.571,0.587,8.9,1.6,3.9,1,6.3,0.79,0.26,0.34,4.4,120.7,114
Allonzo Trier,Nyk,G,24.58,24,12.1,25.2,21.6,15.5,43,0.791,53,0.604,53,0.358,0.571,0.62,6.5,1.3,5.5,1.2,14.8,0.13,0.17,0.96,7.2,113.9,108.9
P.J. Tucker,Hou,F,35.28,72,34.3,71.4,8.7,13.9,48,0.813,127,0.551,299,0.358,0.541,0.559,6.9,6.6,10.1,1.6,6,1.08,0.53,1,4.9,113.5,104.3
Rayjon Tucker,Uta,G,22.89,19,8.5,17.7,16.5,13.1,23,0.826,26,0.654,17,0.176,0.5,0.584,3.3,1.1,6.8,0.3,4.4,0.05,0.05,0.42,4.8,109,108.4
Evan Turner,Atl,G-F,31.8,19,13.2,27.6,16.4,26.2,14,0.857,62,0.403,5,0,0.373,0.424,3.3,2,8.1,2,20.5,0.47,0.42,1.37,7.2,83.7,111.2
Myles Turner,Ind,C-F,24.39,62,29.4,61.4,17.9,11.4,169,0.751,337,0.54,250,0.344,0.53,0.566,12.1,6.6,12.3,1.2,5.4,0.74,2.13,1.37,6.2,107.7,101.5
Jarrod Uthoff,Mem,F,27.24,4,3.5,7.2,23.8,0,2,1,3,0.333,4,0,0.143,0.254,1,0.3,3.8,0,0,0.25,0,0,0,,
Jarrod Uthoff,Was,F,27.24,3,13.1,27.4,11.6,0,0,0,6,0.5,5,0.6,0.682,0.682,5,1.7,6.9,0,0,0,0,0,0,134.4,119.7
Jonas Valanciunas,Mem,C,28.27,70,26.4,54.9,21.6,13.3,200,0.74,650,0.615,91,0.352,0.605,0.63,14.9,11.3,22.6,1.9,10.9,0.44,1.1,1.81,10.4,119.1,100.1
Denzel Valentine,Chi,G,26.75,36,13.6,28.2,23.3,9.8,8,0.75,100,0.51,137,0.336,0.506,0.511,6.8,2.1,8.4,1.2,14.2,0.72,0.17,0.72,7.6,100.3,102.5
Jarred Vanderbilt,Den,F,21.37,9,4.6,9.6,14.7,50,0,0,7,0.714,0,0,0.714,0.714,1.1,0.9,10.8,0.2,6.5,0.33,0.11,0.78,5.1,76.3,96.9
Jarred Vanderbilt,Min,F,21.37,2,2.6,5.3,15.2,0,2,1,0,0,1,0,0,0.532,1,0.5,10.3,0,0,0,0,0,0,,
Fred VanVleet,Tor,G,26.47,54,35.7,74.4,21.7,12.2,198,0.848,399,0.434,374,0.39,0.507,0.553,17.6,3.8,5.6,6.6,27.7,1.8,0.31,2.2,8.5,112.9,102.6
Gabe Vincent,Mia,G,24.17,9,9.2,19.2,20.2,2.6,0,0,10,0.2,27,0.222,0.297,0.297,2.4,0.6,3.4,0.7,10.1,0.56,0,0.11,4.4,69.6,105.4
Noah Vonleh,Min,F,24.98,29,12,25,13.8,15.5,28,0.821,72,0.625,14,0.143,0.558,0.605,4.1,4,17.6,0.9,10.8,0.38,0.21,0.62,8.2,120.1,103.4
Noah Vonleh,Den,F,24.98,7,4.3,9,14,20.5,4,0.5,5,0.8,1,1,0.917,0.838,1.9,1.1,14.8,0.3,9.4,0,0,0.29,8,135.1,101.7
Nikola Vucevic,Orl,C,29.81,62,32.2,67.1,25.8,7.4,167,0.784,744,0.531,289,0.339,0.525,0.549,19.6,10.8,18,3.6,19.5,0.87,0.76,1.42,11.3,113.4,103
Dean Wade,Cle,F-C,23.73,12,6,12.4,9.8,18.2,1,0,9,0.778,4,0.5,0.769,0.744,1.7,1.6,14.8,0.2,4,0.17,0.33,0.25,5.4,121.8,104
Moritz Wagner,Was,F-C,23.3,45,18.6,38.7,18.6,17.7,95,0.821,186,0.645,80,0.313,0.592,0.638,8.7,4.9,14.3,1.2,9.7,0.62,0.42,1.47,8,113.7,98.4
Dion Waiters,Mia,G,28.68,3,14,29.2,30.8,10.2,1,0,9,0.222,17,0.471,0.538,0.53,9.3,3.7,14.6,1,12.4,0,0.67,1,9.3,93.2,98.8
Dion Waiters,Lal,G,28.68,7,23.6,49.2,23.7,14,16,0.875,43,0.558,30,0.233,0.473,0.518,11.9,1.9,4.3,2.4,14.9,0.57,0.57,1.86,6.4,99.3,102.9
Lonnie Walker IV,San,G-F,21.67,61,16.2,33.8,18.8,10.5,62,0.726,257,0.432,101,0.406,0.482,0.506,6.4,2.3,7.6,1.1,9.6,0.52,0.23,0.74,6.2,99.3,108.9
Kemba Walker,Bos,G,30.27,56,31.1,64.8,27.2,10.5,242,0.864,416,0.476,473,0.381,0.526,0.575,20.4,3.9,6.7,4.8,24.2,0.86,0.5,2.09,9.3,115.8,107.4
Tyrone Wallace,Atl,G,26.18,14,11.5,23.9,15.9,16.3,17,0.647,29,0.448,15,0.067,0.33,0.389,2.9,1.6,7.4,0.9,10.8,0.5,0.07,0.71,5.6,80,106.6
Derrick Walton Jr.,Lac,G,25.37,23,9.6,20.1,8.3,9.1,9,0.778,15,0.533,21,0.429,0.597,0.626,2.2,0.7,3.5,1,12.7,0.17,0,0.17,4.8,132.3,105.3
Derrick Walton Jr.,Det,G,25.37,3,8.8,18.3,6.6,25,0,0,0,0,3,0.333,0.5,0.5,1,0.3,2.1,1.7,24.4,1,0,0.33,3.6,117.5,105.8
Brad Wanamaker,Bos,G,31.06,71,19.3,40.2,15.5,15.3,136,0.926,260,0.481,102,0.363,0.499,0.577,6.9,2,5.6,2.5,17.8,0.85,0.21,1.07,6.7,115.2,101.9
T.J. Warren,Ind,F,26.94,67,32.9,68.5,23.4,7.3,204,0.819,771,0.575,226,0.403,0.581,0.61,19.8,4.2,6.9,1.5,7.1,1.16,0.51,1.28,6.1,115.9,104.1
P.J. Washington,Cha,F,21.98,58,30.3,63.2,18.6,12.5,135,0.652,359,0.507,230,0.374,0.528,0.548,12.2,5.4,9.8,2.1,11.3,0.9,0.78,1.6,6.8,104.9,105.9
Yuta Watanabe,Mem,G-F,25.84,18,5.8,12.1,15.7,5.1,8,0.375,26,0.462,8,0.375,0.485,0.48,2,1.1,10,0.3,6.4,0.22,0.06,0.11,6,104.4,105.8
Tremont Waters,Bos,G,22.59,11,10.8,22.5,24.3,22.2,8,1,25,0.4,24,0.167,0.327,0.381,3.6,1.1,5.4,1.5,18.4,0.91,0.18,1.36,6.7,73.4,97.6
Paul Watson,Atl,G,25.63,2,8.8,18.2,16.6,0,0,0,4,0,3,0,0,0,0,1,6.2,1.5,20.5,0.5,0,0,0,27.4,112.6
Paul Watson,Tor,G,25.63,8,8.7,18.2,15.9,11.6,9,0.778,10,0.6,9,0.444,0.632,0.675,3.9,1.9,11.4,0.6,10.4,0.38,0.13,0.38,7.6,127,101.4
Quinndary Weatherspoon,San,G,23.93,11,7.1,14.7,12.7,21.9,2,0.5,12,0.333,5,0.2,0.324,0.336,1.1,0.6,4.9,1,17.6,0.27,0.09,0.45,4.9,77.1,106.9
Russell Westbrook,Hou,G,31.75,57,36,74.9,34.4,15,380,0.763,1068,0.514,213,0.258,0.493,0.536,27.2,7.9,11.5,7,35.6,1.65,0.35,4.47,12.7,105.6,102.4
Coby White,Chi,G,20.49,65,25.8,53.7,24.4,11.4,129,0.791,416,0.43,376,0.354,0.478,0.506,13.2,3.6,7.6,2.7,16.6,0.75,0.09,1.68,7.8,100.2,108.3
Derrick White,San,G,26.12,68,24.7,51.4,18.9,12.1,211,0.853,336,0.518,216,0.366,0.53,0.593,11.3,3.3,7.1,3.5,20,0.66,0.85,1.31,8.2,118,108.1
Hassan Whiteside,Por,C,31.17,67,30,62.4,19.6,12.9,239,0.686,695,0.622,7,0.571,0.624,0.644,15.5,13.5,23.6,1.2,5.9,0.39,2.93,1.79,8.4,124.4,103.5
Andrew Wiggins,Min,F,25.47,42,34.7,72.2,27.9,10.7,207,0.72,515,0.505,275,0.331,0.502,0.535,22.4,5.2,7.9,3.7,18.1,0.69,0.86,2.52,8.7,104.6,110.6
Andrew Wiggins,Gol,F,25.47,12,33.6,70,25.4,10.4,61,0.672,129,0.512,59,0.339,0.511,0.542,19.4,4.6,7.4,3.6,18.2,1.33,1.33,2.08,8.2,106.2,111.4
Robert Williams III,Bos,C-F,22.83,29,13.4,27.9,13.5,16.3,34,0.647,88,0.727,0,0,0.727,0.728,5.2,4.4,17.7,0.9,10.1,0.79,1.21,0.69,8.2,134.4,92.8
Nigel Williams-Goss,Uta,G,25.91,10,5,10.4,17.4,15.1,2,1,9,0.333,7,0.286,0.375,0.415,1.4,0.6,6.6,0.6,16.5,0.3,0.1,0.3,6.4,92.2,99.3
Grant Williams,Bos,F,21.71,69,15.1,31.5,11.6,17.6,54,0.722,115,0.548,96,0.25,0.469,0.505,3.4,2.6,9.1,1,8.4,0.43,0.52,0.72,5.5,102.9,95.4
Johnathan Williams,Was,F,25.23,15,12,25,10.3,11.2,13,0.538,32,0.594,2,0,0.559,0.566,3,4.3,19.4,0.5,5.9,0.07,0.53,0.33,6.2,125.3,109.1
Kenrich Williams,Nor,G-F,25.7,39,21.3,44.4,8.9,12.2,26,0.346,50,0.52,97,0.258,0.432,0.429,3.5,4.8,11.9,1.5,8.4,0.69,0.54,0.56,5.5,102.2,104.2
Lou Williams,Lac,G,33.8,65,28.7,59.7,28.4,14.4,339,0.861,621,0.451,315,0.352,0.477,0.546,18.2,3.1,5.6,5.6,30.1,0.66,0.18,2.8,9.5,108.8,108.6
Marvin Williams,Cha,F,34.16,41,19.7,41,14,9.7,50,0.86,93,0.538,117,0.376,0.552,0.593,6.7,2.7,7.5,1,7.8,0.61,0.56,0.61,5.3,115.6,106.9
Marvin Williams,Mil,F,34.16,17,18.9,39.4,8.7,11.8,7,0.857,18,0.722,39,0.308,0.544,0.566,4,4.4,11.4,1.1,7.2,0.59,0.47,0.47,5.7,118.3,95.2
Zion Williamson,Nor,F,20.11,24,27.8,58,30.5,11.9,178,0.64,346,0.59,14,0.429,0.592,0.616,22.5,6.3,11.9,2.1,13.2,0.67,0.38,2.46,9.6,114.6,110.2
D.J. Wilson,Mil,F-C,24.49,37,9.8,20.4,18.1,12,18,0.611,59,0.576,73,0.247,0.462,0.475,3.6,2.5,12.5,0.7,9.1,0.08,0.14,0.51,7.5,94.1,96.7
Justise Winslow,Mia,G-F,24.39,11,32,66.7,20.6,14.6,27,0.667,102,0.431,27,0.222,0.411,0.44,11.3,6.6,11.6,4,18.7,0.73,0.45,2.18,8.4,92.9,101.2
Christian Wood,Det,F,24.88,62,21.4,44.5,23,12,243,0.745,368,0.636,140,0.386,0.62,0.659,13.1,6.3,16.7,1,7.6,0.55,0.89,1.35,8.1,122.6,106.3
Delon Wright,Dal,G,28.3,73,21.5,44.8,14.4,13.8,100,0.77,284,0.504,128,0.367,0.518,0.553,6.9,3.8,9.4,3.3,21.1,1.15,0.3,1,8.2,119,107.1
Justin Wright-Foreman,Uta,G,22.8,4,11.3,23.5,23.9,12.1,4,0.75,10,0.5,10,0.2,0.4,0.437,4.8,1.3,6.1,1.8,22.9,0.5,0,0.75,7.9,92.8,100.6
Thaddeus Young,Chi,F,32.15,64,24.9,51.8,19.7,13.9,72,0.583,379,0.501,223,0.354,0.512,0.52,10.3,4.9,10.9,1.8,11.3,1.44,0.36,1.59,7.2,100.7,104.4
Trae Young,Atl,G,21.9,60,35.3,73.6,34.9,16.2,559,0.86,681,0.501,568,0.361,0.519,0.595,29.6,4.2,6.4,9.3,45.6,1.08,0.13,4.8,11.9,113.9,115.2
Cody Zeller,Cha,C,27.86,58,23.1,48.2,20.8,11.8,179,0.682,405,0.575,75,0.24,0.542,0.574,11.1,7.1,16.8,1.5,11.3,0.69,0.43,1.29,8.5,115.2,103
Tyler Zeller,San,F-C,30.58,2,2,4.1,44.3,0,0,0,4,0.25,0,0,0.25,0.25,1,2,55.3,0,0,0,0,0,0,,
Ante Zizic,Cle,C,23.61,22,10,20.9,17.5,11.1,19,0.737,72,0.569,0,0,0.569,0.597,4.4,3,16.4,0.3,4.2,0.32,0.23,0.45,6.3,115,102.9
Ivica Zubac,Lac,C,23.41,72,18.4,38.4,16.4,11.7,166,0.747,385,0.613,2,0,0.61,0.648,8.3,7.6,21.3,1.1,9.1,0.22,0.92,0.85,8.9,132.1,95.4